id,name,ingredient_id,measurement_id,amount,recipe_id,created_at,updated_at,deleted_at
1,1 (15 ounce) can pumpkin ,0,0,0,1,,,
2,1 (14 ounce) can EAGLE BRAND® Sweetened Condensed Milk ,0,0,0,1,,,
3,2 large eggs large eggs ,0,0,0,1,,,
4,1 teaspoon ground cinnamon ,0,0,0,1,,,
5,½ teaspoon ground ginger ,0,0,0,1,,,
6,½ teaspoon ground nutmeg ,0,0,0,1,,,
7,½ teaspoon salt ,0,0,0,1,,,
8,1 (9 inch) unbaked pie crust ,0,0,0,1,,,
9,1 tablespoon chili powder ,0,0,0,2,,,
10,¼ teaspoon garlic powder ,0,0,0,2,,,
11,¼ teaspoon onion powder ,0,0,0,2,,,
12,¼ teaspoon crushed red pepper flakes ,0,0,0,2,,,
13,¼ teaspoon dried oregano ,0,0,0,2,,,
14,½ teaspoon paprika ,0,0,0,2,,,
15,1 ½ teaspoons ground cumin ,0,0,0,2,,,
16,1 teaspoon sea salt ,0,0,0,2,,,
17,1 teaspoon black pepper ,0,0,0,2,,,
18,1 pound ground beef ,0,0,0,3,,,
19,1 egg ,0,0,0,3,,,
20,¼ cup bread crumbs ,0,0,0,3,,,
21,⅛ teaspoon ground black pepper ,0,0,0,3,,,
22,½ teaspoon seasoned salt ,0,0,0,3,,,
23,½ teaspoon onion powder ,0,0,0,3,,,
24,½ teaspoon garlic powder ,0,0,0,3,,,
25,1 teaspoon Worcestershire sauce ,0,0,0,3,,,
26,1 tablespoon vegetable oil ,0,0,0,3,,,
27,1 cup thinly sliced onion ,0,0,0,3,,,
28,2 tablespoons all-purpose flour ,0,0,0,3,,,
29,1 cup beef broth ,0,0,0,3,,,
30,1 tablespoon cooking sherry ,0,0,0,3,,,
31,½ teaspoon seasoned salt ,0,0,0,3,,,
32,2 cups all-purpose flour ,0,0,0,4,,,
33,1 teaspoon baking soda ,0,0,0,4,,,
34,¼ teaspoon salt ,0,0,0,4,,,
35,½ cup butter ,0,0,0,4,,,
36,¾ cup brown sugar ,0,0,0,4,,,
37,"2 eggs, beaten ",0,0,0,4,,,
38,2 ⅓ cups mashed overripe bananas ,0,0,0,4,,,
39,2 ¾ cups all-purpose flour ,0,0,0,5,,,
40,1 teaspoon baking soda ,0,0,0,5,,,
41,½ teaspoon baking powder ,0,0,0,5,,,
42,"1 cup butter, softened ",0,0,0,5,,,
43,1 ½ cups white sugar ,0,0,0,5,,,
44,1 egg ,0,0,0,5,,,
45,1 teaspoon vanilla extract ,0,0,0,5,,,
46,"2 (14.5 ounce) cans green beans, drained ",0,0,0,6,,,
47,1 (10.75 ounce) can condensed cream of mushroom soup ,0,0,0,6,,,
48,1 (6 ounce) can French fried onions ,0,0,0,6,,,
49,1 cup shredded Cheddar cheese ,0,0,0,6,,,
50,"3 avocados - peeled, pitted, and mashed ",0,0,0,7,,,
51,"1 lime, juiced ",0,0,0,7,,,
52,1 teaspoon salt ,0,0,0,7,,,
53,½ cup diced onion ,0,0,0,7,,,
54,3 tablespoons chopped fresh cilantro ,0,0,0,7,,,
55,"2 roma (plum) tomatoes, diced ",0,0,0,7,,,
56,1 teaspoon minced garlic ,0,0,0,7,,,
57,1 pinch ground cayenne pepper (Optional),0,0,0,7,,,
58,½ cup mayonnaise ,0,0,0,8,,,
59,2 tablespoons white sugar ,0,0,0,8,,,
60,1 ½ tablespoons lemon juice ,0,0,0,8,,,
61,1 tablespoon vinegar ,0,0,0,8,,,
62,½ teaspoon ground black pepper ,0,0,0,8,,,
63,¼ teaspoon salt ,0,0,0,8,,,
64,"1 butternut squash - peeled, seeded, and cut into 1-inch cubes ",0,0,0,9,,,
65,2 tablespoons olive oil ,0,0,0,9,,,
66,"2 cloves garlic, minced ",0,0,0,9,,,
67, salt and ground black pepper to taste ,0,0,0,9,,,
68,"1 (3 pound) whole chicken, giblets removed ",0,0,0,10,,,
69, salt and black pepper to taste ,0,0,0,10,,,
70,"1 tablespoon onion powder, or to taste ",0,0,0,10,,,
71,"½ cup margarine, divided ",0,0,0,10,,,
72,"1 stalk celery, leaves removed ",0,0,0,10,,,
73,¼ cup butter ,0,0,0,11,,,
74,"1 large onion, diced ",0,0,0,11,,,
75,"½ large green bell pepper, diced ",0,0,0,11,,,
76,1 (4 ounce) jar chopped pimento peppers ,0,0,0,11,,,
77,2 eggs ,0,0,0,11,,,
78,1 (8 ounce) package corn muffin mix (such as Jiffy®) ,0,0,0,11,,,
79,1 (4 ounce) can diced green chiles ,0,0,0,11,,,
80,"1 (15.25 ounce) can whole kernel corn, with liquid ",0,0,0,11,,,
81,1 (15.25 ounce) can creamed corn ,0,0,0,11,,,
82,1 pint sour cream ,0,0,0,11,,,
83,1 cup shredded Cheddar cheese ,0,0,0,11,,,
84,8 ounces uncooked elbow macaroni ,0,0,0,12,,,
85,2 cups shredded sharp Cheddar cheese ,0,0,0,12,,,
86,½ cup grated Parmesan cheese ,0,0,0,12,,,
87,3 cups milk ,0,0,0,12,,,
88,¼ cup butter ,0,0,0,12,,,
89,2 ½ tablespoons all-purpose flour ,0,0,0,12,,,
90,2 tablespoons butter ,0,0,0,12,,,
91,½ cup bread crumbs ,0,0,0,12,,,
92,1 pinch paprika ,0,0,0,12,,,
93,1 (16 ounce) can refrigerated jumbo buttermilk biscuits ,0,0,0,13,,,
94,1 (9.6 ounce) package Jimmy Dean® Original Hearty Pork Sausage Crumbles ,0,0,0,13,,,
95,¼ cup flour ,0,0,0,13,,,
96,2 ½ cups milk ,0,0,0,13,,,
97, Salt and ground black pepper to taste ,0,0,0,13,,,
98,"4 (5 ounce) skinless, boneless chicken breast halves ",0,0,0,14,,,
99,1 cup teriyaki marinade sauce ,0,0,0,14,,,
100,½ pound bacon ,0,0,0,14,,,
101,2 tablespoons butter ,0,0,0,14,,,
102,"1 small onion, cut into long slices ",0,0,0,14,,,
103,"1 small green bell pepper, cut into thin strips ",0,0,0,14,,,
104,"1 (8 ounce) package fresh mushrooms, coarsely chopped ",0,0,0,14,,,
105,4 slices mozzarella cheese ,0,0,0,14,,,
106,1 recipe pastry for a 9 inch double crust pie ,0,0,0,15,,,
107,½ cup unsalted butter ,0,0,0,15,,,
108,3 tablespoons all-purpose flour ,0,0,0,15,,,
109,¼ cup water ,0,0,0,15,,,
110,½ cup white sugar ,0,0,0,15,,,
111,½ cup packed brown sugar ,0,0,0,15,,,
112,"8 Granny Smith apples - peeled, cored and sliced ",0,0,0,15,,,
113,1 cup all-purpose flour ,0,0,0,16,,,
114,2 eggs ,0,0,0,16,,,
115,½ cup milk ,0,0,0,16,,,
116,½ cup water ,0,0,0,16,,,
117,¼ teaspoon salt ,0,0,0,16,,,
118,"2 tablespoons butter, melted ",0,0,0,16,,,
119,1 teaspoon vegetable oil ,0,0,0,17,,,
120,1 (4 pound) pork shoulder roast ,0,0,0,17,,,
121,1 cup barbeque sauce ,0,0,0,17,,,
122,½ cup apple cider vinegar ,0,0,0,17,,,
123,½ cup chicken broth ,0,0,0,17,,,
124,¼ cup light brown sugar ,0,0,0,17,,,
125,1 tablespoon prepared yellow mustard ,0,0,0,17,,,
126,1 tablespoon Worcestershire sauce ,0,0,0,17,,,
127,1 tablespoon chili powder ,0,0,0,17,,,
128,"1 extra large onion, chopped ",0,0,0,17,,,
129,"2 large cloves garlic, crushed ",0,0,0,17,,,
130,1 ½ teaspoons dried thyme ,0,0,0,17,,,
131,"8 hamburger buns, split ",0,0,0,17,,,
132,"2 tablespoons butter, or as needed ",0,0,0,17,,,
133,"2 pounds baking potatoes, peeled and quartered ",0,0,0,18,,,
134,2 tablespoons butter ,0,0,0,18,,,
135,1 cup milk ,0,0,0,18,,,
136, salt and pepper to taste ,0,0,0,18,,,
137,"1 tablespoon butter, melted ",0,0,0,19,,,
138,"12 eggs, beaten ",0,0,0,19,,,
139,1 pound shredded pepperjack cheese ,0,0,0,19,,,
140,1 (16 ounce) container cottage cheese ,0,0,0,19,,,
141,½ cup all-purpose flour ,0,0,0,19,,,
142,1 teaspoon salt ,0,0,0,19,,,
143,"4 cups sweet potato, cubed ",0,0,0,20,,,
144,½ cup white sugar ,0,0,0,20,,,
145,"2 eggs, beaten ",0,0,0,20,,,
146,½ teaspoon salt ,0,0,0,20,,,
147,"4 tablespoons butter, softened ",0,0,0,20,,,
148,½ cup milk ,0,0,0,20,,,
149,½ teaspoon vanilla extract ,0,0,0,20,,,
150,½ cup packed brown sugar ,0,0,0,20,,,
151,⅓ cup all-purpose flour ,0,0,0,20,,,
152,"3 tablespoons butter, softened ",0,0,0,20,,,
153,½ cup chopped pecans ,0,0,0,20,,,
154,2 tablespoons butter ,0,0,0,21,,,
155,"1 small onion, chopped ",0,0,0,21,,,
156,"1 stalk celery, chopped ",0,0,0,21,,,
157,"1 medium carrot, chopped ",0,0,0,21,,,
158,"2 medium potatoes, cubed ",0,0,0,21,,,
159,"1 medium butternut squash - peeled, seeded, and cubed ",0,0,0,21,,,
160,1 (32 fluid ounce) container chicken stock ,0,0,0,21,,,
161, salt and freshly ground black pepper to taste ,0,0,0,21,,,
162,"¼ cup butter, softened ",0,0,0,22,,,
163,1 cup freshly grated Parmigiano-Reggiano cheese ,0,0,0,22,,,
164,8 slices cooked bacon ,0,0,0,22,,,
165,4 slices Cheddar cheese ,0,0,0,22,,,
166,8 slices sourdough bread ,0,0,0,22,,,
167,"1 (16 ounce) package Brussels sprouts, trimmed and halved ",0,0,0,23,,,
168,2 tablespoons olive oil ,0,0,0,23,,,
169,1 teaspoon garlic powder ,0,0,0,23,,,
170,1 teaspoon ground black pepper ,0,0,0,23,,,
171,½ teaspoon salt ,0,0,0,23,,,
172,1 tablespoon balsamic vinegar ,0,0,0,23,,,
173,¼ cup grated Parmesan cheese ,0,0,0,23,,,
174,"1 pinch red pepper flakes, or to taste ",0,0,0,23,,,
175,1 (15 ounce) can pumpkin ,0,0,0,24,,,
176,1 (14 ounce) can EAGLE BRAND® Sweetened Condensed Milk ,0,0,0,24,,,
177,2 large eggs large eggs ,0,0,0,24,,,
178,1 teaspoon ground cinnamon ,0,0,0,24,,,
179,½ teaspoon ground ginger ,0,0,0,24,,,
180,½ teaspoon ground nutmeg ,0,0,0,24,,,
181,½ teaspoon salt ,0,0,0,24,,,
182,1 (9 inch) unbaked pie crust ,0,0,0,24,,,
183,1 tablespoon chili powder ,0,0,0,25,,,
184,¼ teaspoon garlic powder ,0,0,0,25,,,
185,¼ teaspoon onion powder ,0,0,0,25,,,
186,¼ teaspoon crushed red pepper flakes ,0,0,0,25,,,
187,¼ teaspoon dried oregano ,0,0,0,25,,,
188,½ teaspoon paprika ,0,0,0,25,,,
189,1 ½ teaspoons ground cumin ,0,0,0,25,,,
190,1 teaspoon sea salt ,0,0,0,25,,,
191,1 teaspoon black pepper ,0,0,0,25,,,
192,1 pound ground beef ,0,0,0,26,,,
193,1 egg ,0,0,0,26,,,
194,¼ cup bread crumbs ,0,0,0,26,,,
195,⅛ teaspoon ground black pepper ,0,0,0,26,,,
196,½ teaspoon seasoned salt ,0,0,0,26,,,
197,½ teaspoon onion powder ,0,0,0,26,,,
198,½ teaspoon garlic powder ,0,0,0,26,,,
199,1 teaspoon Worcestershire sauce ,0,0,0,26,,,
200,1 tablespoon vegetable oil ,0,0,0,26,,,
201,1 cup thinly sliced onion ,0,0,0,26,,,
202,2 tablespoons all-purpose flour ,0,0,0,26,,,
203,1 cup beef broth ,0,0,0,26,,,
204,1 tablespoon cooking sherry ,0,0,0,26,,,
205,½ teaspoon seasoned salt ,0,0,0,26,,,
206,2 cups all-purpose flour ,0,0,0,27,,,
207,1 teaspoon baking soda ,0,0,0,27,,,
208,¼ teaspoon salt ,0,0,0,27,,,
209,½ cup butter ,0,0,0,27,,,
210,¾ cup brown sugar ,0,0,0,27,,,
211,"2 eggs, beaten ",0,0,0,27,,,
212,2 ⅓ cups mashed overripe bananas ,0,0,0,27,,,
213,2 ¾ cups all-purpose flour ,0,0,0,28,,,
214,1 teaspoon baking soda ,0,0,0,28,,,
215,½ teaspoon baking powder ,0,0,0,28,,,
216,"1 cup butter, softened ",0,0,0,28,,,
217,1 ½ cups white sugar ,0,0,0,28,,,
218,1 egg ,0,0,0,28,,,
219,1 teaspoon vanilla extract ,0,0,0,28,,,
220,"2 (14.5 ounce) cans green beans, drained ",0,0,0,29,,,
221,1 (10.75 ounce) can condensed cream of mushroom soup ,0,0,0,29,,,
222,1 (6 ounce) can French fried onions ,0,0,0,29,,,
223,1 cup shredded Cheddar cheese ,0,0,0,29,,,
224,"3 avocados - peeled, pitted, and mashed ",0,0,0,30,,,
225,"1 lime, juiced ",0,0,0,30,,,
226,1 teaspoon salt ,0,0,0,30,,,
227,½ cup diced onion ,0,0,0,30,,,
228,3 tablespoons chopped fresh cilantro ,0,0,0,30,,,
229,"2 roma (plum) tomatoes, diced ",0,0,0,30,,,
230,1 teaspoon minced garlic ,0,0,0,30,,,
231,1 pinch ground cayenne pepper (Optional),0,0,0,30,,,
232,½ cup mayonnaise ,0,0,0,31,,,
233,2 tablespoons white sugar ,0,0,0,31,,,
234,1 ½ tablespoons lemon juice ,0,0,0,31,,,
235,1 tablespoon vinegar ,0,0,0,31,,,
236,½ teaspoon ground black pepper ,0,0,0,31,,,
237,¼ teaspoon salt ,0,0,0,31,,,
238,"1 butternut squash - peeled, seeded, and cut into 1-inch cubes ",0,0,0,32,,,
239,2 tablespoons olive oil ,0,0,0,32,,,
240,"2 cloves garlic, minced ",0,0,0,32,,,
241, salt and ground black pepper to taste ,0,0,0,32,,,
242,"1 (3 pound) whole chicken, giblets removed ",0,0,0,33,,,
243, salt and black pepper to taste ,0,0,0,33,,,
244,"1 tablespoon onion powder, or to taste ",0,0,0,33,,,
245,"½ cup margarine, divided ",0,0,0,33,,,
246,"1 stalk celery, leaves removed ",0,0,0,33,,,
247,¼ cup butter ,0,0,0,34,,,
248,"1 large onion, diced ",0,0,0,34,,,
249,"½ large green bell pepper, diced ",0,0,0,34,,,
250,1 (4 ounce) jar chopped pimento peppers ,0,0,0,34,,,
251,2 eggs ,0,0,0,34,,,
252,1 (8 ounce) package corn muffin mix (such as Jiffy®) ,0,0,0,34,,,
253,1 (4 ounce) can diced green chiles ,0,0,0,34,,,
254,"1 (15.25 ounce) can whole kernel corn, with liquid ",0,0,0,34,,,
255,1 (15.25 ounce) can creamed corn ,0,0,0,34,,,
256,1 pint sour cream ,0,0,0,34,,,
257,1 cup shredded Cheddar cheese ,0,0,0,34,,,
258,8 ounces uncooked elbow macaroni ,0,0,0,35,,,
259,2 cups shredded sharp Cheddar cheese ,0,0,0,35,,,
260,½ cup grated Parmesan cheese ,0,0,0,35,,,
261,3 cups milk ,0,0,0,35,,,
262,¼ cup butter ,0,0,0,35,,,
263,2 ½ tablespoons all-purpose flour ,0,0,0,35,,,
264,2 tablespoons butter ,0,0,0,35,,,
265,½ cup bread crumbs ,0,0,0,35,,,
266,1 pinch paprika ,0,0,0,35,,,
267,1 (16 ounce) can refrigerated jumbo buttermilk biscuits ,0,0,0,36,,,
268,1 (9.6 ounce) package Jimmy Dean® Original Hearty Pork Sausage Crumbles ,0,0,0,36,,,
269,¼ cup flour ,0,0,0,36,,,
270,2 ½ cups milk ,0,0,0,36,,,
271, Salt and ground black pepper to taste ,0,0,0,36,,,
272,"4 (5 ounce) skinless, boneless chicken breast halves ",0,0,0,37,,,
273,1 cup teriyaki marinade sauce ,0,0,0,37,,,
274,½ pound bacon ,0,0,0,37,,,
275,2 tablespoons butter ,0,0,0,37,,,
276,"1 small onion, cut into long slices ",0,0,0,37,,,
277,"1 small green bell pepper, cut into thin strips ",0,0,0,37,,,
278,"1 (8 ounce) package fresh mushrooms, coarsely chopped ",0,0,0,37,,,
279,4 slices mozzarella cheese ,0,0,0,37,,,
280,1 recipe pastry for a 9 inch double crust pie ,0,0,0,38,,,
281,½ cup unsalted butter ,0,0,0,38,,,
282,3 tablespoons all-purpose flour ,0,0,0,38,,,
283,¼ cup water ,0,0,0,38,,,
284,½ cup white sugar ,0,0,0,38,,,
285,½ cup packed brown sugar ,0,0,0,38,,,
286,"8 Granny Smith apples - peeled, cored and sliced ",0,0,0,38,,,
287,1 cup all-purpose flour ,0,0,0,39,,,
288,2 eggs ,0,0,0,39,,,
289,½ cup milk ,0,0,0,39,,,
290,½ cup water ,0,0,0,39,,,
291,¼ teaspoon salt ,0,0,0,39,,,
292,"2 tablespoons butter, melted ",0,0,0,39,,,
293,1 teaspoon vegetable oil ,0,0,0,40,,,
294,1 (4 pound) pork shoulder roast ,0,0,0,40,,,
295,1 cup barbeque sauce ,0,0,0,40,,,
296,½ cup apple cider vinegar ,0,0,0,40,,,
297,½ cup chicken broth ,0,0,0,40,,,
298,¼ cup light brown sugar ,0,0,0,40,,,
299,1 tablespoon prepared yellow mustard ,0,0,0,40,,,
300,1 tablespoon Worcestershire sauce ,0,0,0,40,,,
301,1 tablespoon chili powder ,0,0,0,40,,,
302,"1 extra large onion, chopped ",0,0,0,40,,,
303,"2 large cloves garlic, crushed ",0,0,0,40,,,
304,1 ½ teaspoons dried thyme ,0,0,0,40,,,
305,"8 hamburger buns, split ",0,0,0,40,,,
306,"2 tablespoons butter, or as needed ",0,0,0,40,,,
307,"2 pounds baking potatoes, peeled and quartered ",0,0,0,41,,,
308,2 tablespoons butter ,0,0,0,41,,,
309,1 cup milk ,0,0,0,41,,,
310, salt and pepper to taste ,0,0,0,41,,,
311,"1 tablespoon butter, melted ",0,0,0,42,,,
312,"12 eggs, beaten ",0,0,0,42,,,
313,1 pound shredded pepperjack cheese ,0,0,0,42,,,
314,1 (16 ounce) container cottage cheese ,0,0,0,42,,,
315,½ cup all-purpose flour ,0,0,0,42,,,
316,1 teaspoon salt ,0,0,0,42,,,
317,"4 cups sweet potato, cubed ",0,0,0,43,,,
318,½ cup white sugar ,0,0,0,43,,,
319,"2 eggs, beaten ",0,0,0,43,,,
320,½ teaspoon salt ,0,0,0,43,,,
321,"4 tablespoons butter, softened ",0,0,0,43,,,
322,½ cup milk ,0,0,0,43,,,
323,½ teaspoon vanilla extract ,0,0,0,43,,,
324,½ cup packed brown sugar ,0,0,0,43,,,
325,⅓ cup all-purpose flour ,0,0,0,43,,,
326,"3 tablespoons butter, softened ",0,0,0,43,,,
327,½ cup chopped pecans ,0,0,0,43,,,
328,2 tablespoons butter ,0,0,0,44,,,
329,"1 small onion, chopped ",0,0,0,44,,,
330,"1 stalk celery, chopped ",0,0,0,44,,,
331,"1 medium carrot, chopped ",0,0,0,44,,,
332,"2 medium potatoes, cubed ",0,0,0,44,,,
333,"1 medium butternut squash - peeled, seeded, and cubed ",0,0,0,44,,,
334,1 (32 fluid ounce) container chicken stock ,0,0,0,44,,,
335, salt and freshly ground black pepper to taste ,0,0,0,44,,,
336,"¼ cup butter, softened ",0,0,0,45,,,
337,1 cup freshly grated Parmigiano-Reggiano cheese ,0,0,0,45,,,
338,8 slices cooked bacon ,0,0,0,45,,,
339,4 slices Cheddar cheese ,0,0,0,45,,,
340,8 slices sourdough bread ,0,0,0,45,,,
341,"1 (16 ounce) package Brussels sprouts, trimmed and halved ",0,0,0,46,,,
342,2 tablespoons olive oil ,0,0,0,46,,,
343,1 teaspoon garlic powder ,0,0,0,46,,,
344,1 teaspoon ground black pepper ,0,0,0,46,,,
345,½ teaspoon salt ,0,0,0,46,,,
346,1 tablespoon balsamic vinegar ,0,0,0,46,,,
347,¼ cup grated Parmesan cheese ,0,0,0,46,,,
348,"1 pinch red pepper flakes, or to taste ",0,0,0,46,,,
349,1 (15 ounce) can pumpkin ,0,0,0,47,,,
350,1 (14 ounce) can EAGLE BRAND® Sweetened Condensed Milk ,0,0,0,47,,,
351,2 large eggs large eggs ,0,0,0,47,,,
352,1 teaspoon ground cinnamon ,0,0,0,47,,,
353,½ teaspoon ground ginger ,0,0,0,47,,,
354,½ teaspoon ground nutmeg ,0,0,0,47,,,
355,½ teaspoon salt ,0,0,0,47,,,
356,1 (9 inch) unbaked pie crust ,0,0,0,47,,,
357,1 tablespoon chili powder ,0,0,0,48,,,
358,¼ teaspoon garlic powder ,0,0,0,48,,,
359,¼ teaspoon onion powder ,0,0,0,48,,,
360,¼ teaspoon crushed red pepper flakes ,0,0,0,48,,,
361,¼ teaspoon dried oregano ,0,0,0,48,,,
362,½ teaspoon paprika ,0,0,0,48,,,
363,1 ½ teaspoons ground cumin ,0,0,0,48,,,
364,1 teaspoon sea salt ,0,0,0,48,,,
365,1 teaspoon black pepper ,0,0,0,48,,,
366,1 pound ground beef ,0,0,0,49,,,
367,1 egg ,0,0,0,49,,,
368,¼ cup bread crumbs ,0,0,0,49,,,
369,⅛ teaspoon ground black pepper ,0,0,0,49,,,
370,½ teaspoon seasoned salt ,0,0,0,49,,,
371,½ teaspoon onion powder ,0,0,0,49,,,
372,½ teaspoon garlic powder ,0,0,0,49,,,
373,1 teaspoon Worcestershire sauce ,0,0,0,49,,,
374,1 tablespoon vegetable oil ,0,0,0,49,,,
375,1 cup thinly sliced onion ,0,0,0,49,,,
376,2 tablespoons all-purpose flour ,0,0,0,49,,,
377,1 cup beef broth ,0,0,0,49,,,
378,1 tablespoon cooking sherry ,0,0,0,49,,,
379,½ teaspoon seasoned salt ,0,0,0,49,,,
380,2 cups all-purpose flour ,0,0,0,50,,,
381,1 teaspoon baking soda ,0,0,0,50,,,
382,¼ teaspoon salt ,0,0,0,50,,,
383,½ cup butter ,0,0,0,50,,,
384,¾ cup brown sugar ,0,0,0,50,,,
385,"2 eggs, beaten ",0,0,0,50,,,
386,2 ⅓ cups mashed overripe bananas ,0,0,0,50,,,
387,2 ¾ cups all-purpose flour ,0,0,0,51,,,
388,1 teaspoon baking soda ,0,0,0,51,,,
389,½ teaspoon baking powder ,0,0,0,51,,,
390,"1 cup butter, softened ",0,0,0,51,,,
391,1 ½ cups white sugar ,0,0,0,51,,,
392,1 egg ,0,0,0,51,,,
393,1 teaspoon vanilla extract ,0,0,0,51,,,
394,"2 (14.5 ounce) cans green beans, drained ",0,0,0,52,,,
395,1 (10.75 ounce) can condensed cream of mushroom soup ,0,0,0,52,,,
396,1 (6 ounce) can French fried onions ,0,0,0,52,,,
397,1 cup shredded Cheddar cheese ,0,0,0,52,,,
398,"3 avocados - peeled, pitted, and mashed ",0,0,0,53,,,
399,"1 lime, juiced ",0,0,0,53,,,
400,1 teaspoon salt ,0,0,0,53,,,
401,½ cup diced onion ,0,0,0,53,,,
402,3 tablespoons chopped fresh cilantro ,0,0,0,53,,,
403,"2 roma (plum) tomatoes, diced ",0,0,0,53,,,
404,1 teaspoon minced garlic ,0,0,0,53,,,
405,1 pinch ground cayenne pepper (Optional),0,0,0,53,,,
406,½ cup mayonnaise ,0,0,0,54,,,
407,2 tablespoons white sugar ,0,0,0,54,,,
408,1 ½ tablespoons lemon juice ,0,0,0,54,,,
409,1 tablespoon vinegar ,0,0,0,54,,,
410,½ teaspoon ground black pepper ,0,0,0,54,,,
411,¼ teaspoon salt ,0,0,0,54,,,
412,"1 butternut squash - peeled, seeded, and cut into 1-inch cubes ",0,0,0,55,,,
413,2 tablespoons olive oil ,0,0,0,55,,,
414,"2 cloves garlic, minced ",0,0,0,55,,,
415, salt and ground black pepper to taste ,0,0,0,55,,,
416,"1 (3 pound) whole chicken, giblets removed ",0,0,0,56,,,
417, salt and black pepper to taste ,0,0,0,56,,,
418,"1 tablespoon onion powder, or to taste ",0,0,0,56,,,
419,"½ cup margarine, divided ",0,0,0,56,,,
420,"1 stalk celery, leaves removed ",0,0,0,56,,,
421,¼ cup butter ,0,0,0,57,,,
422,"1 large onion, diced ",0,0,0,57,,,
423,"½ large green bell pepper, diced ",0,0,0,57,,,
424,1 (4 ounce) jar chopped pimento peppers ,0,0,0,57,,,
425,2 eggs ,0,0,0,57,,,
426,1 (8 ounce) package corn muffin mix (such as Jiffy®) ,0,0,0,57,,,
427,1 (4 ounce) can diced green chiles ,0,0,0,57,,,
428,"1 (15.25 ounce) can whole kernel corn, with liquid ",0,0,0,57,,,
429,1 (15.25 ounce) can creamed corn ,0,0,0,57,,,
430,1 pint sour cream ,0,0,0,57,,,
431,1 cup shredded Cheddar cheese ,0,0,0,57,,,
432,8 ounces uncooked elbow macaroni ,0,0,0,58,,,
433,2 cups shredded sharp Cheddar cheese ,0,0,0,58,,,
434,½ cup grated Parmesan cheese ,0,0,0,58,,,
435,3 cups milk ,0,0,0,58,,,
436,¼ cup butter ,0,0,0,58,,,
437,2 ½ tablespoons all-purpose flour ,0,0,0,58,,,
438,2 tablespoons butter ,0,0,0,58,,,
439,½ cup bread crumbs ,0,0,0,58,,,
440,1 pinch paprika ,0,0,0,58,,,
441,1 (16 ounce) can refrigerated jumbo buttermilk biscuits ,0,0,0,59,,,
442,1 (9.6 ounce) package Jimmy Dean® Original Hearty Pork Sausage Crumbles ,0,0,0,59,,,
443,¼ cup flour ,0,0,0,59,,,
444,2 ½ cups milk ,0,0,0,59,,,
445, Salt and ground black pepper to taste ,0,0,0,59,,,
446,"4 (5 ounce) skinless, boneless chicken breast halves ",0,0,0,60,,,
447,1 cup teriyaki marinade sauce ,0,0,0,60,,,
448,½ pound bacon ,0,0,0,60,,,
449,2 tablespoons butter ,0,0,0,60,,,
450,"1 small onion, cut into long slices ",0,0,0,60,,,
451,"1 small green bell pepper, cut into thin strips ",0,0,0,60,,,
452,"1 (8 ounce) package fresh mushrooms, coarsely chopped ",0,0,0,60,,,
453,4 slices mozzarella cheese ,0,0,0,60,,,
454,1 recipe pastry for a 9 inch double crust pie ,0,0,0,61,,,
455,½ cup unsalted butter ,0,0,0,61,,,
456,3 tablespoons all-purpose flour ,0,0,0,61,,,
457,¼ cup water ,0,0,0,61,,,
458,½ cup white sugar ,0,0,0,61,,,
459,½ cup packed brown sugar ,0,0,0,61,,,
460,"8 Granny Smith apples - peeled, cored and sliced ",0,0,0,61,,,
461,1 cup all-purpose flour ,0,0,0,62,,,
462,2 eggs ,0,0,0,62,,,
463,½ cup milk ,0,0,0,62,,,
464,½ cup water ,0,0,0,62,,,
465,¼ teaspoon salt ,0,0,0,62,,,
466,"2 tablespoons butter, melted ",0,0,0,62,,,
467,1 teaspoon vegetable oil ,0,0,0,63,,,
468,1 (4 pound) pork shoulder roast ,0,0,0,63,,,
469,1 cup barbeque sauce ,0,0,0,63,,,
470,½ cup apple cider vinegar ,0,0,0,63,,,
471,½ cup chicken broth ,0,0,0,63,,,
472,¼ cup light brown sugar ,0,0,0,63,,,
473,1 tablespoon prepared yellow mustard ,0,0,0,63,,,
474,1 tablespoon Worcestershire sauce ,0,0,0,63,,,
475,1 tablespoon chili powder ,0,0,0,63,,,
476,"1 extra large onion, chopped ",0,0,0,63,,,
477,"2 large cloves garlic, crushed ",0,0,0,63,,,
478,1 ½ teaspoons dried thyme ,0,0,0,63,,,
479,"8 hamburger buns, split ",0,0,0,63,,,
480,"2 tablespoons butter, or as needed ",0,0,0,63,,,
481,"2 pounds baking potatoes, peeled and quartered ",0,0,0,64,,,
482,2 tablespoons butter ,0,0,0,64,,,
483,1 cup milk ,0,0,0,64,,,
484, salt and pepper to taste ,0,0,0,64,,,
485,"1 tablespoon butter, melted ",0,0,0,65,,,
486,"12 eggs, beaten ",0,0,0,65,,,
487,1 pound shredded pepperjack cheese ,0,0,0,65,,,
488,1 (16 ounce) container cottage cheese ,0,0,0,65,,,
489,½ cup all-purpose flour ,0,0,0,65,,,
490,1 teaspoon salt ,0,0,0,65,,,
491,"4 cups sweet potato, cubed ",0,0,0,66,,,
492,½ cup white sugar ,0,0,0,66,,,
493,"2 eggs, beaten ",0,0,0,66,,,
494,½ teaspoon salt ,0,0,0,66,,,
495,"4 tablespoons butter, softened ",0,0,0,66,,,
496,½ cup milk ,0,0,0,66,,,
497,½ teaspoon vanilla extract ,0,0,0,66,,,
498,½ cup packed brown sugar ,0,0,0,66,,,
499,⅓ cup all-purpose flour ,0,0,0,66,,,
500,"3 tablespoons butter, softened ",0,0,0,66,,,
501,½ cup chopped pecans ,0,0,0,66,,,
502,2 tablespoons butter ,0,0,0,67,,,
503,"1 small onion, chopped ",0,0,0,67,,,
504,"1 stalk celery, chopped ",0,0,0,67,,,
505,"1 medium carrot, chopped ",0,0,0,67,,,
506,"2 medium potatoes, cubed ",0,0,0,67,,,
507,"1 medium butternut squash - peeled, seeded, and cubed ",0,0,0,67,,,
508,1 (32 fluid ounce) container chicken stock ,0,0,0,67,,,
509, salt and freshly ground black pepper to taste ,0,0,0,67,,,
510,"¼ cup butter, softened ",0,0,0,68,,,
511,1 cup freshly grated Parmigiano-Reggiano cheese ,0,0,0,68,,,
512,8 slices cooked bacon ,0,0,0,68,,,
513,4 slices Cheddar cheese ,0,0,0,68,,,
514,8 slices sourdough bread ,0,0,0,68,,,
515,"1 (16 ounce) package Brussels sprouts, trimmed and halved ",0,0,0,69,,,
516,2 tablespoons olive oil ,0,0,0,69,,,
517,1 teaspoon garlic powder ,0,0,0,69,,,
518,1 teaspoon ground black pepper ,0,0,0,69,,,
519,½ teaspoon salt ,0,0,0,69,,,
520,1 tablespoon balsamic vinegar ,0,0,0,69,,,
521,¼ cup grated Parmesan cheese ,0,0,0,69,,,
522,"1 pinch red pepper flakes, or to taste ",0,0,0,69,,,
523,1 (15 ounce) can pumpkin ,0,0,0,70,,,
524,1 (14 ounce) can EAGLE BRAND® Sweetened Condensed Milk ,0,0,0,70,,,
525,2 large eggs large eggs ,0,0,0,70,,,
526,1 teaspoon ground cinnamon ,0,0,0,70,,,
527,½ teaspoon ground ginger ,0,0,0,70,,,
528,½ teaspoon ground nutmeg ,0,0,0,70,,,
529,½ teaspoon salt ,0,0,0,70,,,
530,1 (9 inch) unbaked pie crust ,0,0,0,70,,,
531,1 tablespoon chili powder ,0,0,0,71,,,
532,¼ teaspoon garlic powder ,0,0,0,71,,,
533,¼ teaspoon onion powder ,0,0,0,71,,,
534,¼ teaspoon crushed red pepper flakes ,0,0,0,71,,,
535,¼ teaspoon dried oregano ,0,0,0,71,,,
536,½ teaspoon paprika ,0,0,0,71,,,
537,1 ½ teaspoons ground cumin ,0,0,0,71,,,
538,1 teaspoon sea salt ,0,0,0,71,,,
539,1 teaspoon black pepper ,0,0,0,71,,,
540,1 pound ground beef ,0,0,0,72,,,
541,1 egg ,0,0,0,72,,,
542,¼ cup bread crumbs ,0,0,0,72,,,
543,⅛ teaspoon ground black pepper ,0,0,0,72,,,
544,½ teaspoon seasoned salt ,0,0,0,72,,,
545,½ teaspoon onion powder ,0,0,0,72,,,
546,½ teaspoon garlic powder ,0,0,0,72,,,
547,1 teaspoon Worcestershire sauce ,0,0,0,72,,,
548,1 tablespoon vegetable oil ,0,0,0,72,,,
549,1 cup thinly sliced onion ,0,0,0,72,,,
550,2 tablespoons all-purpose flour ,0,0,0,72,,,
551,1 cup beef broth ,0,0,0,72,,,
552,1 tablespoon cooking sherry ,0,0,0,72,,,
553,½ teaspoon seasoned salt ,0,0,0,72,,,
554,2 cups all-purpose flour ,0,0,0,73,,,
555,1 teaspoon baking soda ,0,0,0,73,,,
556,¼ teaspoon salt ,0,0,0,73,,,
557,½ cup butter ,0,0,0,73,,,
558,¾ cup brown sugar ,0,0,0,73,,,
559,"2 eggs, beaten ",0,0,0,73,,,
560,2 ⅓ cups mashed overripe bananas ,0,0,0,73,,,
561,2 ¾ cups all-purpose flour ,0,0,0,74,,,
562,1 teaspoon baking soda ,0,0,0,74,,,
563,½ teaspoon baking powder ,0,0,0,74,,,
564,"1 cup butter, softened ",0,0,0,74,,,
565,1 ½ cups white sugar ,0,0,0,74,,,
566,1 egg ,0,0,0,74,,,
567,1 teaspoon vanilla extract ,0,0,0,74,,,
568,"2 (14.5 ounce) cans green beans, drained ",0,0,0,75,,,
569,1 (10.75 ounce) can condensed cream of mushroom soup ,0,0,0,75,,,
570,1 (6 ounce) can French fried onions ,0,0,0,75,,,
571,1 cup shredded Cheddar cheese ,0,0,0,75,,,
572,"3 avocados - peeled, pitted, and mashed ",0,0,0,76,,,
573,"1 lime, juiced ",0,0,0,76,,,
574,1 teaspoon salt ,0,0,0,76,,,
575,½ cup diced onion ,0,0,0,76,,,
576,3 tablespoons chopped fresh cilantro ,0,0,0,76,,,
577,"2 roma (plum) tomatoes, diced ",0,0,0,76,,,
578,1 teaspoon minced garlic ,0,0,0,76,,,
579,1 pinch ground cayenne pepper (Optional),0,0,0,76,,,
580,½ cup mayonnaise ,0,0,0,77,,,
581,2 tablespoons white sugar ,0,0,0,77,,,
582,1 ½ tablespoons lemon juice ,0,0,0,77,,,
583,1 tablespoon vinegar ,0,0,0,77,,,
584,½ teaspoon ground black pepper ,0,0,0,77,,,
585,¼ teaspoon salt ,0,0,0,77,,,
586,"1 butternut squash - peeled, seeded, and cut into 1-inch cubes ",0,0,0,78,,,
587,2 tablespoons olive oil ,0,0,0,78,,,
588,"2 cloves garlic, minced ",0,0,0,78,,,
589, salt and ground black pepper to taste ,0,0,0,78,,,
590,"1 (3 pound) whole chicken, giblets removed ",0,0,0,79,,,
591, salt and black pepper to taste ,0,0,0,79,,,
592,"1 tablespoon onion powder, or to taste ",0,0,0,79,,,
593,"½ cup margarine, divided ",0,0,0,79,,,
594,"1 stalk celery, leaves removed ",0,0,0,79,,,
595,¼ cup butter ,0,0,0,80,,,
596,"1 large onion, diced ",0,0,0,80,,,
597,"½ large green bell pepper, diced ",0,0,0,80,,,
598,1 (4 ounce) jar chopped pimento peppers ,0,0,0,80,,,
599,2 eggs ,0,0,0,80,,,
600,1 (8 ounce) package corn muffin mix (such as Jiffy®) ,0,0,0,80,,,
601,1 (4 ounce) can diced green chiles ,0,0,0,80,,,
602,"1 (15.25 ounce) can whole kernel corn, with liquid ",0,0,0,80,,,
603,1 (15.25 ounce) can creamed corn ,0,0,0,80,,,
604,1 pint sour cream ,0,0,0,80,,,
605,1 cup shredded Cheddar cheese ,0,0,0,80,,,
606,8 ounces uncooked elbow macaroni ,0,0,0,81,,,
607,2 cups shredded sharp Cheddar cheese ,0,0,0,81,,,
608,½ cup grated Parmesan cheese ,0,0,0,81,,,
609,3 cups milk ,0,0,0,81,,,
610,¼ cup butter ,0,0,0,81,,,
611,2 ½ tablespoons all-purpose flour ,0,0,0,81,,,
612,2 tablespoons butter ,0,0,0,81,,,
613,½ cup bread crumbs ,0,0,0,81,,,
614,1 pinch paprika ,0,0,0,81,,,
615,1 (16 ounce) can refrigerated jumbo buttermilk biscuits ,0,0,0,82,,,
616,1 (9.6 ounce) package Jimmy Dean® Original Hearty Pork Sausage Crumbles ,0,0,0,82,,,
617,¼ cup flour ,0,0,0,82,,,
618,2 ½ cups milk ,0,0,0,82,,,
619, Salt and ground black pepper to taste ,0,0,0,82,,,
620,"4 (5 ounce) skinless, boneless chicken breast halves ",0,0,0,83,,,
621,1 cup teriyaki marinade sauce ,0,0,0,83,,,
622,½ pound bacon ,0,0,0,83,,,
623,2 tablespoons butter ,0,0,0,83,,,
624,"1 small onion, cut into long slices ",0,0,0,83,,,
625,"1 small green bell pepper, cut into thin strips ",0,0,0,83,,,
626,"1 (8 ounce) package fresh mushrooms, coarsely chopped ",0,0,0,83,,,
627,4 slices mozzarella cheese ,0,0,0,83,,,
628,1 recipe pastry for a 9 inch double crust pie ,0,0,0,84,,,
629,½ cup unsalted butter ,0,0,0,84,,,
630,3 tablespoons all-purpose flour ,0,0,0,84,,,
631,¼ cup water ,0,0,0,84,,,
632,½ cup white sugar ,0,0,0,84,,,
633,½ cup packed brown sugar ,0,0,0,84,,,
634,"8 Granny Smith apples - peeled, cored and sliced ",0,0,0,84,,,
635,1 cup all-purpose flour ,0,0,0,85,,,
636,2 eggs ,0,0,0,85,,,
637,½ cup milk ,0,0,0,85,,,
638,½ cup water ,0,0,0,85,,,
639,¼ teaspoon salt ,0,0,0,85,,,
640,"2 tablespoons butter, melted ",0,0,0,85,,,
641,1 teaspoon vegetable oil ,0,0,0,86,,,
642,1 (4 pound) pork shoulder roast ,0,0,0,86,,,
643,1 cup barbeque sauce ,0,0,0,86,,,
644,½ cup apple cider vinegar ,0,0,0,86,,,
645,½ cup chicken broth ,0,0,0,86,,,
646,¼ cup light brown sugar ,0,0,0,86,,,
647,1 tablespoon prepared yellow mustard ,0,0,0,86,,,
648,1 tablespoon Worcestershire sauce ,0,0,0,86,,,
649,1 tablespoon chili powder ,0,0,0,86,,,
650,"1 extra large onion, chopped ",0,0,0,86,,,
651,"2 large cloves garlic, crushed ",0,0,0,86,,,
652,1 ½ teaspoons dried thyme ,0,0,0,86,,,
653,"8 hamburger buns, split ",0,0,0,86,,,
654,"2 tablespoons butter, or as needed ",0,0,0,86,,,
655,"2 pounds baking potatoes, peeled and quartered ",0,0,0,87,,,
656,2 tablespoons butter ,0,0,0,87,,,
657,1 cup milk ,0,0,0,87,,,
658, salt and pepper to taste ,0,0,0,87,,,
659,"1 tablespoon butter, melted ",0,0,0,88,,,
660,"12 eggs, beaten ",0,0,0,88,,,
661,1 pound shredded pepperjack cheese ,0,0,0,88,,,
662,1 (16 ounce) container cottage cheese ,0,0,0,88,,,
663,½ cup all-purpose flour ,0,0,0,88,,,
664,1 teaspoon salt ,0,0,0,88,,,
665,"4 cups sweet potato, cubed ",0,0,0,89,,,
666,½ cup white sugar ,0,0,0,89,,,
667,"2 eggs, beaten ",0,0,0,89,,,
668,½ teaspoon salt ,0,0,0,89,,,
669,"4 tablespoons butter, softened ",0,0,0,89,,,
670,½ cup milk ,0,0,0,89,,,
671,½ teaspoon vanilla extract ,0,0,0,89,,,
672,½ cup packed brown sugar ,0,0,0,89,,,
673,⅓ cup all-purpose flour ,0,0,0,89,,,
674,"3 tablespoons butter, softened ",0,0,0,89,,,
675,½ cup chopped pecans ,0,0,0,89,,,
676,2 tablespoons butter ,0,0,0,90,,,
677,"1 small onion, chopped ",0,0,0,90,,,
678,"1 stalk celery, chopped ",0,0,0,90,,,
679,"1 medium carrot, chopped ",0,0,0,90,,,
680,"2 medium potatoes, cubed ",0,0,0,90,,,
681,"1 medium butternut squash - peeled, seeded, and cubed ",0,0,0,90,,,
682,1 (32 fluid ounce) container chicken stock ,0,0,0,90,,,
683, salt and freshly ground black pepper to taste ,0,0,0,90,,,
684,"¼ cup butter, softened ",0,0,0,91,,,
685,1 cup freshly grated Parmigiano-Reggiano cheese ,0,0,0,91,,,
686,8 slices cooked bacon ,0,0,0,91,,,
687,4 slices Cheddar cheese ,0,0,0,91,,,
688,8 slices sourdough bread ,0,0,0,91,,,
689,"1 (16 ounce) package Brussels sprouts, trimmed and halved ",0,0,0,92,,,
690,2 tablespoons olive oil ,0,0,0,92,,,
691,1 teaspoon garlic powder ,0,0,0,92,,,
692,1 teaspoon ground black pepper ,0,0,0,92,,,
693,½ teaspoon salt ,0,0,0,92,,,
694,1 tablespoon balsamic vinegar ,0,0,0,92,,,
695,¼ cup grated Parmesan cheese ,0,0,0,92,,,
696,"1 pinch red pepper flakes, or to taste ",0,0,0,92,,,
697,1 (15 ounce) can pumpkin ,0,0,0,93,,,
698,1 (14 ounce) can EAGLE BRAND® Sweetened Condensed Milk ,0,0,0,93,,,
699,2 large eggs large eggs ,0,0,0,93,,,
700,1 teaspoon ground cinnamon ,0,0,0,93,,,
701,½ teaspoon ground ginger ,0,0,0,93,,,
702,½ teaspoon ground nutmeg ,0,0,0,93,,,
703,½ teaspoon salt ,0,0,0,93,,,
704,1 (9 inch) unbaked pie crust ,0,0,0,93,,,
705,1 tablespoon chili powder ,0,0,0,94,,,
706,¼ teaspoon garlic powder ,0,0,0,94,,,
707,¼ teaspoon onion powder ,0,0,0,94,,,
708,¼ teaspoon crushed red pepper flakes ,0,0,0,94,,,
709,¼ teaspoon dried oregano ,0,0,0,94,,,
710,½ teaspoon paprika ,0,0,0,94,,,
711,1 ½ teaspoons ground cumin ,0,0,0,94,,,
712,1 teaspoon sea salt ,0,0,0,94,,,
713,1 teaspoon black pepper ,0,0,0,94,,,
714,1 pound ground beef ,0,0,0,95,,,
715,1 egg ,0,0,0,95,,,
716,¼ cup bread crumbs ,0,0,0,95,,,
717,⅛ teaspoon ground black pepper ,0,0,0,95,,,
718,½ teaspoon seasoned salt ,0,0,0,95,,,
719,½ teaspoon onion powder ,0,0,0,95,,,
720,½ teaspoon garlic powder ,0,0,0,95,,,
721,1 teaspoon Worcestershire sauce ,0,0,0,95,,,
722,1 tablespoon vegetable oil ,0,0,0,95,,,
723,1 cup thinly sliced onion ,0,0,0,95,,,
724,2 tablespoons all-purpose flour ,0,0,0,95,,,
725,1 cup beef broth ,0,0,0,95,,,
726,1 tablespoon cooking sherry ,0,0,0,95,,,
727,½ teaspoon seasoned salt ,0,0,0,95,,,
728,2 cups all-purpose flour ,0,0,0,96,,,
729,1 teaspoon baking soda ,0,0,0,96,,,
730,¼ teaspoon salt ,0,0,0,96,,,
731,½ cup butter ,0,0,0,96,,,
732,¾ cup brown sugar ,0,0,0,96,,,
733,"2 eggs, beaten ",0,0,0,96,,,
734,2 ⅓ cups mashed overripe bananas ,0,0,0,96,,,
735,2 ¾ cups all-purpose flour ,0,0,0,97,,,
736,1 teaspoon baking soda ,0,0,0,97,,,
737,½ teaspoon baking powder ,0,0,0,97,,,
738,"1 cup butter, softened ",0,0,0,97,,,
739,1 ½ cups white sugar ,0,0,0,97,,,
740,1 egg ,0,0,0,97,,,
741,1 teaspoon vanilla extract ,0,0,0,97,,,
742,"2 (14.5 ounce) cans green beans, drained ",0,0,0,98,,,
743,1 (10.75 ounce) can condensed cream of mushroom soup ,0,0,0,98,,,
744,1 (6 ounce) can French fried onions ,0,0,0,98,,,
745,1 cup shredded Cheddar cheese ,0,0,0,98,,,
746,"3 avocados - peeled, pitted, and mashed ",0,0,0,99,,,
747,"1 lime, juiced ",0,0,0,99,,,
748,1 teaspoon salt ,0,0,0,99,,,
749,½ cup diced onion ,0,0,0,99,,,
750,3 tablespoons chopped fresh cilantro ,0,0,0,99,,,
751,"2 roma (plum) tomatoes, diced ",0,0,0,99,,,
752,1 teaspoon minced garlic ,0,0,0,99,,,
753,1 pinch ground cayenne pepper (Optional),0,0,0,99,,,
754,½ cup mayonnaise ,0,0,0,100,,,
755,2 tablespoons white sugar ,0,0,0,100,,,
756,1 ½ tablespoons lemon juice ,0,0,0,100,,,
757,1 tablespoon vinegar ,0,0,0,100,,,
758,½ teaspoon ground black pepper ,0,0,0,100,,,
759,¼ teaspoon salt ,0,0,0,100,,,
760,"1 butternut squash - peeled, seeded, and cut into 1-inch cubes ",0,0,0,101,,,
761,2 tablespoons olive oil ,0,0,0,101,,,
762,"2 cloves garlic, minced ",0,0,0,101,,,
763, salt and ground black pepper to taste ,0,0,0,101,,,
764,"1 (3 pound) whole chicken, giblets removed ",0,0,0,102,,,
765, salt and black pepper to taste ,0,0,0,102,,,
766,"1 tablespoon onion powder, or to taste ",0,0,0,102,,,
767,"½ cup margarine, divided ",0,0,0,102,,,
768,"1 stalk celery, leaves removed ",0,0,0,102,,,
769,¼ cup butter ,0,0,0,103,,,
770,"1 large onion, diced ",0,0,0,103,,,
771,"½ large green bell pepper, diced ",0,0,0,103,,,
772,1 (4 ounce) jar chopped pimento peppers ,0,0,0,103,,,
773,2 eggs ,0,0,0,103,,,
774,1 (8 ounce) package corn muffin mix (such as Jiffy®) ,0,0,0,103,,,
775,1 (4 ounce) can diced green chiles ,0,0,0,103,,,
776,"1 (15.25 ounce) can whole kernel corn, with liquid ",0,0,0,103,,,
777,1 (15.25 ounce) can creamed corn ,0,0,0,103,,,
778,1 pint sour cream ,0,0,0,103,,,
779,1 cup shredded Cheddar cheese ,0,0,0,103,,,
780,8 ounces uncooked elbow macaroni ,0,0,0,104,,,
781,2 cups shredded sharp Cheddar cheese ,0,0,0,104,,,
782,½ cup grated Parmesan cheese ,0,0,0,104,,,
783,3 cups milk ,0,0,0,104,,,
784,¼ cup butter ,0,0,0,104,,,
785,2 ½ tablespoons all-purpose flour ,0,0,0,104,,,
786,2 tablespoons butter ,0,0,0,104,,,
787,½ cup bread crumbs ,0,0,0,104,,,
788,1 pinch paprika ,0,0,0,104,,,
789,1 (16 ounce) can refrigerated jumbo buttermilk biscuits ,0,0,0,105,,,
790,1 (9.6 ounce) package Jimmy Dean® Original Hearty Pork Sausage Crumbles ,0,0,0,105,,,
791,¼ cup flour ,0,0,0,105,,,
792,2 ½ cups milk ,0,0,0,105,,,
793, Salt and ground black pepper to taste ,0,0,0,105,,,
794,"4 (5 ounce) skinless, boneless chicken breast halves ",0,0,0,106,,,
795,1 cup teriyaki marinade sauce ,0,0,0,106,,,
796,½ pound bacon ,0,0,0,106,,,
797,2 tablespoons butter ,0,0,0,106,,,
798,"1 small onion, cut into long slices ",0,0,0,106,,,
799,"1 small green bell pepper, cut into thin strips ",0,0,0,106,,,
800,"1 (8 ounce) package fresh mushrooms, coarsely chopped ",0,0,0,106,,,
801,4 slices mozzarella cheese ,0,0,0,106,,,
802,1 recipe pastry for a 9 inch double crust pie ,0,0,0,107,,,
803,½ cup unsalted butter ,0,0,0,107,,,
804,3 tablespoons all-purpose flour ,0,0,0,107,,,
805,¼ cup water ,0,0,0,107,,,
806,½ cup white sugar ,0,0,0,107,,,
807,½ cup packed brown sugar ,0,0,0,107,,,
808,"8 Granny Smith apples - peeled, cored and sliced ",0,0,0,107,,,
809,1 cup all-purpose flour ,0,0,0,108,,,
810,2 eggs ,0,0,0,108,,,
811,½ cup milk ,0,0,0,108,,,
812,½ cup water ,0,0,0,108,,,
813,¼ teaspoon salt ,0,0,0,108,,,
814,"2 tablespoons butter, melted ",0,0,0,108,,,
815,1 teaspoon vegetable oil ,0,0,0,109,,,
816,1 (4 pound) pork shoulder roast ,0,0,0,109,,,
817,1 cup barbeque sauce ,0,0,0,109,,,
818,½ cup apple cider vinegar ,0,0,0,109,,,
819,½ cup chicken broth ,0,0,0,109,,,
820,¼ cup light brown sugar ,0,0,0,109,,,
821,1 tablespoon prepared yellow mustard ,0,0,0,109,,,
822,1 tablespoon Worcestershire sauce ,0,0,0,109,,,
823,1 tablespoon chili powder ,0,0,0,109,,,
824,"1 extra large onion, chopped ",0,0,0,109,,,
825,"2 large cloves garlic, crushed ",0,0,0,109,,,
826,1 ½ teaspoons dried thyme ,0,0,0,109,,,
827,"8 hamburger buns, split ",0,0,0,109,,,
828,"2 tablespoons butter, or as needed ",0,0,0,109,,,
829,"2 pounds baking potatoes, peeled and quartered ",0,0,0,110,,,
830,2 tablespoons butter ,0,0,0,110,,,
831,1 cup milk ,0,0,0,110,,,
832, salt and pepper to taste ,0,0,0,110,,,
833,"1 tablespoon butter, melted ",0,0,0,111,,,
834,"12 eggs, beaten ",0,0,0,111,,,
835,1 pound shredded pepperjack cheese ,0,0,0,111,,,
836,1 (16 ounce) container cottage cheese ,0,0,0,111,,,
837,½ cup all-purpose flour ,0,0,0,111,,,
838,1 teaspoon salt ,0,0,0,111,,,
839,"4 cups sweet potato, cubed ",0,0,0,112,,,
840,½ cup white sugar ,0,0,0,112,,,
841,"2 eggs, beaten ",0,0,0,112,,,
842,½ teaspoon salt ,0,0,0,112,,,
843,"4 tablespoons butter, softened ",0,0,0,112,,,
844,½ cup milk ,0,0,0,112,,,
845,½ teaspoon vanilla extract ,0,0,0,112,,,
846,½ cup packed brown sugar ,0,0,0,112,,,
847,⅓ cup all-purpose flour ,0,0,0,112,,,
848,"3 tablespoons butter, softened ",0,0,0,112,,,
849,½ cup chopped pecans ,0,0,0,112,,,
850,2 tablespoons butter ,0,0,0,113,,,
851,"1 small onion, chopped ",0,0,0,113,,,
852,"1 stalk celery, chopped ",0,0,0,113,,,
853,"1 medium carrot, chopped ",0,0,0,113,,,
854,"2 medium potatoes, cubed ",0,0,0,113,,,
855,"1 medium butternut squash - peeled, seeded, and cubed ",0,0,0,113,,,
856,1 (32 fluid ounce) container chicken stock ,0,0,0,113,,,
857, salt and freshly ground black pepper to taste ,0,0,0,113,,,
858,"¼ cup butter, softened ",0,0,0,114,,,
859,1 cup freshly grated Parmigiano-Reggiano cheese ,0,0,0,114,,,
860,8 slices cooked bacon ,0,0,0,114,,,
861,4 slices Cheddar cheese ,0,0,0,114,,,
862,8 slices sourdough bread ,0,0,0,114,,,
863,"1 (16 ounce) package Brussels sprouts, trimmed and halved ",0,0,0,115,,,
864,2 tablespoons olive oil ,0,0,0,115,,,
865,1 teaspoon garlic powder ,0,0,0,115,,,
866,1 teaspoon ground black pepper ,0,0,0,115,,,
867,½ teaspoon salt ,0,0,0,115,,,
868,1 tablespoon balsamic vinegar ,0,0,0,115,,,
869,¼ cup grated Parmesan cheese ,0,0,0,115,,,
870,"1 pinch red pepper flakes, or to taste ",0,0,0,115,,,
871,1 (15 ounce) can pumpkin ,0,0,0,116,,,
872,1 (14 ounce) can EAGLE BRAND® Sweetened Condensed Milk ,0,0,0,116,,,
873,2 large eggs large eggs ,0,0,0,116,,,
874,1 teaspoon ground cinnamon ,0,0,0,116,,,
875,½ teaspoon ground ginger ,0,0,0,116,,,
876,½ teaspoon ground nutmeg ,0,0,0,116,,,
877,½ teaspoon salt ,0,0,0,116,,,
878,1 (9 inch) unbaked pie crust ,0,0,0,116,,,
879,1 tablespoon chili powder ,0,0,0,117,,,
880,¼ teaspoon garlic powder ,0,0,0,117,,,
881,¼ teaspoon onion powder ,0,0,0,117,,,
882,¼ teaspoon crushed red pepper flakes ,0,0,0,117,,,
883,¼ teaspoon dried oregano ,0,0,0,117,,,
884,½ teaspoon paprika ,0,0,0,117,,,
885,1 ½ teaspoons ground cumin ,0,0,0,117,,,
886,1 teaspoon sea salt ,0,0,0,117,,,
887,1 teaspoon black pepper ,0,0,0,117,,,
888,1 pound ground beef ,0,0,0,118,,,
889,1 egg ,0,0,0,118,,,
890,¼ cup bread crumbs ,0,0,0,118,,,
891,⅛ teaspoon ground black pepper ,0,0,0,118,,,
892,½ teaspoon seasoned salt ,0,0,0,118,,,
893,½ teaspoon onion powder ,0,0,0,118,,,
894,½ teaspoon garlic powder ,0,0,0,118,,,
895,1 teaspoon Worcestershire sauce ,0,0,0,118,,,
896,1 tablespoon vegetable oil ,0,0,0,118,,,
897,1 cup thinly sliced onion ,0,0,0,118,,,
898,2 tablespoons all-purpose flour ,0,0,0,118,,,
899,1 cup beef broth ,0,0,0,118,,,
900,1 tablespoon cooking sherry ,0,0,0,118,,,
901,½ teaspoon seasoned salt ,0,0,0,118,,,
902,2 cups all-purpose flour ,0,0,0,119,,,
903,1 teaspoon baking soda ,0,0,0,119,,,
904,¼ teaspoon salt ,0,0,0,119,,,
905,½ cup butter ,0,0,0,119,,,
906,¾ cup brown sugar ,0,0,0,119,,,
907,"2 eggs, beaten ",0,0,0,119,,,
908,2 ⅓ cups mashed overripe bananas ,0,0,0,119,,,
909,2 ¾ cups all-purpose flour ,0,0,0,120,,,
910,1 teaspoon baking soda ,0,0,0,120,,,
911,½ teaspoon baking powder ,0,0,0,120,,,
912,"1 cup butter, softened ",0,0,0,120,,,
913,1 ½ cups white sugar ,0,0,0,120,,,
914,1 egg ,0,0,0,120,,,
915,1 teaspoon vanilla extract ,0,0,0,120,,,
916,"2 (14.5 ounce) cans green beans, drained ",0,0,0,121,,,
917,1 (10.75 ounce) can condensed cream of mushroom soup ,0,0,0,121,,,
918,1 (6 ounce) can French fried onions ,0,0,0,121,,,
919,1 cup shredded Cheddar cheese ,0,0,0,121,,,
920,"3 avocados - peeled, pitted, and mashed ",0,0,0,122,,,
921,"1 lime, juiced ",0,0,0,122,,,
922,1 teaspoon salt ,0,0,0,122,,,
923,½ cup diced onion ,0,0,0,122,,,
924,3 tablespoons chopped fresh cilantro ,0,0,0,122,,,
925,"2 roma (plum) tomatoes, diced ",0,0,0,122,,,
926,1 teaspoon minced garlic ,0,0,0,122,,,
927,1 pinch ground cayenne pepper (Optional),0,0,0,122,,,
928,½ cup mayonnaise ,0,0,0,123,,,
929,2 tablespoons white sugar ,0,0,0,123,,,
930,1 ½ tablespoons lemon juice ,0,0,0,123,,,
931,1 tablespoon vinegar ,0,0,0,123,,,
932,½ teaspoon ground black pepper ,0,0,0,123,,,
933,¼ teaspoon salt ,0,0,0,123,,,
934,"1 butternut squash - peeled, seeded, and cut into 1-inch cubes ",0,0,0,124,,,
935,2 tablespoons olive oil ,0,0,0,124,,,
936,"2 cloves garlic, minced ",0,0,0,124,,,
937, salt and ground black pepper to taste ,0,0,0,124,,,
938,"1 (3 pound) whole chicken, giblets removed ",0,0,0,125,,,
939, salt and black pepper to taste ,0,0,0,125,,,
940,"1 tablespoon onion powder, or to taste ",0,0,0,125,,,
941,"½ cup margarine, divided ",0,0,0,125,,,
942,"1 stalk celery, leaves removed ",0,0,0,125,,,
943,¼ cup butter ,0,0,0,126,,,
944,"1 large onion, diced ",0,0,0,126,,,
945,"½ large green bell pepper, diced ",0,0,0,126,,,
946,1 (4 ounce) jar chopped pimento peppers ,0,0,0,126,,,
947,2 eggs ,0,0,0,126,,,
948,1 (8 ounce) package corn muffin mix (such as Jiffy®) ,0,0,0,126,,,
949,1 (4 ounce) can diced green chiles ,0,0,0,126,,,
950,"1 (15.25 ounce) can whole kernel corn, with liquid ",0,0,0,126,,,
951,1 (15.25 ounce) can creamed corn ,0,0,0,126,,,
952,1 pint sour cream ,0,0,0,126,,,
953,1 cup shredded Cheddar cheese ,0,0,0,126,,,
954,8 ounces uncooked elbow macaroni ,0,0,0,127,,,
955,2 cups shredded sharp Cheddar cheese ,0,0,0,127,,,
956,½ cup grated Parmesan cheese ,0,0,0,127,,,
957,3 cups milk ,0,0,0,127,,,
958,¼ cup butter ,0,0,0,127,,,
959,2 ½ tablespoons all-purpose flour ,0,0,0,127,,,
960,2 tablespoons butter ,0,0,0,127,,,
961,½ cup bread crumbs ,0,0,0,127,,,
962,1 pinch paprika ,0,0,0,127,,,
963,1 (16 ounce) can refrigerated jumbo buttermilk biscuits ,0,0,0,128,,,
964,1 (9.6 ounce) package Jimmy Dean® Original Hearty Pork Sausage Crumbles ,0,0,0,128,,,
965,¼ cup flour ,0,0,0,128,,,
966,2 ½ cups milk ,0,0,0,128,,,
967, Salt and ground black pepper to taste ,0,0,0,128,,,
968,"4 (5 ounce) skinless, boneless chicken breast halves ",0,0,0,129,,,
969,1 cup teriyaki marinade sauce ,0,0,0,129,,,
970,½ pound bacon ,0,0,0,129,,,
971,2 tablespoons butter ,0,0,0,129,,,
972,"1 small onion, cut into long slices ",0,0,0,129,,,
973,"1 small green bell pepper, cut into thin strips ",0,0,0,129,,,
974,"1 (8 ounce) package fresh mushrooms, coarsely chopped ",0,0,0,129,,,
975,4 slices mozzarella cheese ,0,0,0,129,,,
976,1 recipe pastry for a 9 inch double crust pie ,0,0,0,130,,,
977,½ cup unsalted butter ,0,0,0,130,,,
978,3 tablespoons all-purpose flour ,0,0,0,130,,,
979,¼ cup water ,0,0,0,130,,,
980,½ cup white sugar ,0,0,0,130,,,
981,½ cup packed brown sugar ,0,0,0,130,,,
982,"8 Granny Smith apples - peeled, cored and sliced ",0,0,0,130,,,
983,1 cup all-purpose flour ,0,0,0,131,,,
984,2 eggs ,0,0,0,131,,,
985,½ cup milk ,0,0,0,131,,,
986,½ cup water ,0,0,0,131,,,
987,¼ teaspoon salt ,0,0,0,131,,,
988,"2 tablespoons butter, melted ",0,0,0,131,,,
989,1 teaspoon vegetable oil ,0,0,0,132,,,
990,1 (4 pound) pork shoulder roast ,0,0,0,132,,,
991,1 cup barbeque sauce ,0,0,0,132,,,
992,½ cup apple cider vinegar ,0,0,0,132,,,
993,½ cup chicken broth ,0,0,0,132,,,
994,¼ cup light brown sugar ,0,0,0,132,,,
995,1 tablespoon prepared yellow mustard ,0,0,0,132,,,
996,1 tablespoon Worcestershire sauce ,0,0,0,132,,,
997,1 tablespoon chili powder ,0,0,0,132,,,
998,"1 extra large onion, chopped ",0,0,0,132,,,
999,"2 large cloves garlic, crushed ",0,0,0,132,,,
1000,1 ½ teaspoons dried thyme ,0,0,0,132,,,
1001,"8 hamburger buns, split ",0,0,0,132,,,
1002,"2 tablespoons butter, or as needed ",0,0,0,132,,,
1003,"2 pounds baking potatoes, peeled and quartered ",0,0,0,133,,,
1004,2 tablespoons butter ,0,0,0,133,,,
1005,1 cup milk ,0,0,0,133,,,
1006, salt and pepper to taste ,0,0,0,133,,,
1007,"1 tablespoon butter, melted ",0,0,0,134,,,
1008,"12 eggs, beaten ",0,0,0,134,,,
1009,1 pound shredded pepperjack cheese ,0,0,0,134,,,
1010,1 (16 ounce) container cottage cheese ,0,0,0,134,,,
1011,½ cup all-purpose flour ,0,0,0,134,,,
1012,1 teaspoon salt ,0,0,0,134,,,
1013,"4 cups sweet potato, cubed ",0,0,0,135,,,
1014,½ cup white sugar ,0,0,0,135,,,
1015,"2 eggs, beaten ",0,0,0,135,,,
1016,½ teaspoon salt ,0,0,0,135,,,
1017,"4 tablespoons butter, softened ",0,0,0,135,,,
1018,½ cup milk ,0,0,0,135,,,
1019,½ teaspoon vanilla extract ,0,0,0,135,,,
1020,½ cup packed brown sugar ,0,0,0,135,,,
1021,⅓ cup all-purpose flour ,0,0,0,135,,,
1022,"3 tablespoons butter, softened ",0,0,0,135,,,
1023,½ cup chopped pecans ,0,0,0,135,,,
1024,2 tablespoons butter ,0,0,0,136,,,
1025,"1 small onion, chopped ",0,0,0,136,,,
1026,"1 stalk celery, chopped ",0,0,0,136,,,
1027,"1 medium carrot, chopped ",0,0,0,136,,,
1028,"2 medium potatoes, cubed ",0,0,0,136,,,
1029,"1 medium butternut squash - peeled, seeded, and cubed ",0,0,0,136,,,
1030,1 (32 fluid ounce) container chicken stock ,0,0,0,136,,,
1031, salt and freshly ground black pepper to taste ,0,0,0,136,,,
1032,"¼ cup butter, softened ",0,0,0,137,,,
1033,1 cup freshly grated Parmigiano-Reggiano cheese ,0,0,0,137,,,
1034,8 slices cooked bacon ,0,0,0,137,,,
1035,4 slices Cheddar cheese ,0,0,0,137,,,
1036,8 slices sourdough bread ,0,0,0,137,,,
1037,"1 (16 ounce) package Brussels sprouts, trimmed and halved ",0,0,0,138,,,
1038,2 tablespoons olive oil ,0,0,0,138,,,
1039,1 teaspoon garlic powder ,0,0,0,138,,,
1040,1 teaspoon ground black pepper ,0,0,0,138,,,
1041,½ teaspoon salt ,0,0,0,138,,,
1042,1 tablespoon balsamic vinegar ,0,0,0,138,,,
1043,¼ cup grated Parmesan cheese ,0,0,0,138,,,
1044,"1 pinch red pepper flakes, or to taste ",0,0,0,138,,,
1045,1 (15 ounce) can pumpkin ,0,0,0,139,,,
1046,1 (14 ounce) can EAGLE BRAND® Sweetened Condensed Milk ,0,0,0,139,,,
1047,2 large eggs large eggs ,0,0,0,139,,,
1048,1 teaspoon ground cinnamon ,0,0,0,139,,,
1049,½ teaspoon ground ginger ,0,0,0,139,,,
1050,½ teaspoon ground nutmeg ,0,0,0,139,,,
1051,½ teaspoon salt ,0,0,0,139,,,
1052,1 (9 inch) unbaked pie crust ,0,0,0,139,,,
1053,1 tablespoon chili powder ,0,0,0,140,,,
1054,¼ teaspoon garlic powder ,0,0,0,140,,,
1055,¼ teaspoon onion powder ,0,0,0,140,,,
1056,¼ teaspoon crushed red pepper flakes ,0,0,0,140,,,
1057,¼ teaspoon dried oregano ,0,0,0,140,,,
1058,½ teaspoon paprika ,0,0,0,140,,,
1059,1 ½ teaspoons ground cumin ,0,0,0,140,,,
1060,1 teaspoon sea salt ,0,0,0,140,,,
1061,1 teaspoon black pepper ,0,0,0,140,,,
1062,1 pound ground beef ,0,0,0,141,,,
1063,1 egg ,0,0,0,141,,,
1064,¼ cup bread crumbs ,0,0,0,141,,,
1065,⅛ teaspoon ground black pepper ,0,0,0,141,,,
1066,½ teaspoon seasoned salt ,0,0,0,141,,,
1067,½ teaspoon onion powder ,0,0,0,141,,,
1068,½ teaspoon garlic powder ,0,0,0,141,,,
1069,1 teaspoon Worcestershire sauce ,0,0,0,141,,,
1070,1 tablespoon vegetable oil ,0,0,0,141,,,
1071,1 cup thinly sliced onion ,0,0,0,141,,,
1072,2 tablespoons all-purpose flour ,0,0,0,141,,,
1073,1 cup beef broth ,0,0,0,141,,,
1074,1 tablespoon cooking sherry ,0,0,0,141,,,
1075,½ teaspoon seasoned salt ,0,0,0,141,,,
1076,2 cups all-purpose flour ,0,0,0,142,,,
1077,1 teaspoon baking soda ,0,0,0,142,,,
1078,¼ teaspoon salt ,0,0,0,142,,,
1079,½ cup butter ,0,0,0,142,,,
1080,¾ cup brown sugar ,0,0,0,142,,,
1081,"2 eggs, beaten ",0,0,0,142,,,
1082,2 ⅓ cups mashed overripe bananas ,0,0,0,142,,,
1083,2 ¾ cups all-purpose flour ,0,0,0,143,,,
1084,1 teaspoon baking soda ,0,0,0,143,,,
1085,½ teaspoon baking powder ,0,0,0,143,,,
1086,"1 cup butter, softened ",0,0,0,143,,,
1087,1 ½ cups white sugar ,0,0,0,143,,,
1088,1 egg ,0,0,0,143,,,
1089,1 teaspoon vanilla extract ,0,0,0,143,,,
1090,"2 (14.5 ounce) cans green beans, drained ",0,0,0,144,,,
1091,1 (10.75 ounce) can condensed cream of mushroom soup ,0,0,0,144,,,
1092,1 (6 ounce) can French fried onions ,0,0,0,144,,,
1093,1 cup shredded Cheddar cheese ,0,0,0,144,,,
1094,"3 avocados - peeled, pitted, and mashed ",0,0,0,145,,,
1095,"1 lime, juiced ",0,0,0,145,,,
1096,1 teaspoon salt ,0,0,0,145,,,
1097,½ cup diced onion ,0,0,0,145,,,
1098,3 tablespoons chopped fresh cilantro ,0,0,0,145,,,
1099,"2 roma (plum) tomatoes, diced ",0,0,0,145,,,
1100,1 teaspoon minced garlic ,0,0,0,145,,,
1101,1 pinch ground cayenne pepper (Optional),0,0,0,145,,,
1102,½ cup mayonnaise ,0,0,0,146,,,
1103,2 tablespoons white sugar ,0,0,0,146,,,
1104,1 ½ tablespoons lemon juice ,0,0,0,146,,,
1105,1 tablespoon vinegar ,0,0,0,146,,,
1106,½ teaspoon ground black pepper ,0,0,0,146,,,
1107,¼ teaspoon salt ,0,0,0,146,,,
1108,"1 butternut squash - peeled, seeded, and cut into 1-inch cubes ",0,0,0,147,,,
1109,2 tablespoons olive oil ,0,0,0,147,,,
1110,"2 cloves garlic, minced ",0,0,0,147,,,
1111, salt and ground black pepper to taste ,0,0,0,147,,,
1112,"1 (3 pound) whole chicken, giblets removed ",0,0,0,148,,,
1113, salt and black pepper to taste ,0,0,0,148,,,
1114,"1 tablespoon onion powder, or to taste ",0,0,0,148,,,
1115,"½ cup margarine, divided ",0,0,0,148,,,
1116,"1 stalk celery, leaves removed ",0,0,0,148,,,
1117,¼ cup butter ,0,0,0,149,,,
1118,"1 large onion, diced ",0,0,0,149,,,
1119,"½ large green bell pepper, diced ",0,0,0,149,,,
1120,1 (4 ounce) jar chopped pimento peppers ,0,0,0,149,,,
1121,2 eggs ,0,0,0,149,,,
1122,1 (8 ounce) package corn muffin mix (such as Jiffy®) ,0,0,0,149,,,
1123,1 (4 ounce) can diced green chiles ,0,0,0,149,,,
1124,"1 (15.25 ounce) can whole kernel corn, with liquid ",0,0,0,149,,,
1125,1 (15.25 ounce) can creamed corn ,0,0,0,149,,,
1126,1 pint sour cream ,0,0,0,149,,,
1127,1 cup shredded Cheddar cheese ,0,0,0,149,,,
1128,8 ounces uncooked elbow macaroni ,0,0,0,150,,,
1129,2 cups shredded sharp Cheddar cheese ,0,0,0,150,,,
1130,½ cup grated Parmesan cheese ,0,0,0,150,,,
1131,3 cups milk ,0,0,0,150,,,
1132,¼ cup butter ,0,0,0,150,,,
1133,2 ½ tablespoons all-purpose flour ,0,0,0,150,,,
1134,2 tablespoons butter ,0,0,0,150,,,
1135,½ cup bread crumbs ,0,0,0,150,,,
1136,1 pinch paprika ,0,0,0,150,,,
1137,1 (16 ounce) can refrigerated jumbo buttermilk biscuits ,0,0,0,151,,,
1138,1 (9.6 ounce) package Jimmy Dean® Original Hearty Pork Sausage Crumbles ,0,0,0,151,,,
1139,¼ cup flour ,0,0,0,151,,,
1140,2 ½ cups milk ,0,0,0,151,,,
1141, Salt and ground black pepper to taste ,0,0,0,151,,,
1142,"4 (5 ounce) skinless, boneless chicken breast halves ",0,0,0,152,,,
1143,1 cup teriyaki marinade sauce ,0,0,0,152,,,
1144,½ pound bacon ,0,0,0,152,,,
1145,2 tablespoons butter ,0,0,0,152,,,
1146,"1 small onion, cut into long slices ",0,0,0,152,,,
1147,"1 small green bell pepper, cut into thin strips ",0,0,0,152,,,
1148,"1 (8 ounce) package fresh mushrooms, coarsely chopped ",0,0,0,152,,,
1149,4 slices mozzarella cheese ,0,0,0,152,,,
1150,1 recipe pastry for a 9 inch double crust pie ,0,0,0,153,,,
1151,½ cup unsalted butter ,0,0,0,153,,,
1152,3 tablespoons all-purpose flour ,0,0,0,153,,,
1153,¼ cup water ,0,0,0,153,,,
1154,½ cup white sugar ,0,0,0,153,,,
1155,½ cup packed brown sugar ,0,0,0,153,,,
1156,"8 Granny Smith apples - peeled, cored and sliced ",0,0,0,153,,,
1157,1 cup all-purpose flour ,0,0,0,154,,,
1158,2 eggs ,0,0,0,154,,,
1159,½ cup milk ,0,0,0,154,,,
1160,½ cup water ,0,0,0,154,,,
1161,¼ teaspoon salt ,0,0,0,154,,,
1162,"2 tablespoons butter, melted ",0,0,0,154,,,
1163,1 teaspoon vegetable oil ,0,0,0,155,,,
1164,1 (4 pound) pork shoulder roast ,0,0,0,155,,,
1165,1 cup barbeque sauce ,0,0,0,155,,,
1166,½ cup apple cider vinegar ,0,0,0,155,,,
1167,½ cup chicken broth ,0,0,0,155,,,
1168,¼ cup light brown sugar ,0,0,0,155,,,
1169,1 tablespoon prepared yellow mustard ,0,0,0,155,,,
1170,1 tablespoon Worcestershire sauce ,0,0,0,155,,,
1171,1 tablespoon chili powder ,0,0,0,155,,,
1172,"1 extra large onion, chopped ",0,0,0,155,,,
1173,"2 large cloves garlic, crushed ",0,0,0,155,,,
1174,1 ½ teaspoons dried thyme ,0,0,0,155,,,
1175,"8 hamburger buns, split ",0,0,0,155,,,
1176,"2 tablespoons butter, or as needed ",0,0,0,155,,,
1177,"2 pounds baking potatoes, peeled and quartered ",0,0,0,156,,,
1178,2 tablespoons butter ,0,0,0,156,,,
1179,1 cup milk ,0,0,0,156,,,
1180, salt and pepper to taste ,0,0,0,156,,,
1181,"1 tablespoon butter, melted ",0,0,0,157,,,
1182,"12 eggs, beaten ",0,0,0,157,,,
1183,1 pound shredded pepperjack cheese ,0,0,0,157,,,
1184,1 (16 ounce) container cottage cheese ,0,0,0,157,,,
1185,½ cup all-purpose flour ,0,0,0,157,,,
1186,1 teaspoon salt ,0,0,0,157,,,
1187,"4 cups sweet potato, cubed ",0,0,0,158,,,
1188,½ cup white sugar ,0,0,0,158,,,
1189,"2 eggs, beaten ",0,0,0,158,,,
1190,½ teaspoon salt ,0,0,0,158,,,
1191,"4 tablespoons butter, softened ",0,0,0,158,,,
1192,½ cup milk ,0,0,0,158,,,
1193,½ teaspoon vanilla extract ,0,0,0,158,,,
1194,½ cup packed brown sugar ,0,0,0,158,,,
1195,⅓ cup all-purpose flour ,0,0,0,158,,,
1196,"3 tablespoons butter, softened ",0,0,0,158,,,
1197,½ cup chopped pecans ,0,0,0,158,,,
1198,2 tablespoons butter ,0,0,0,159,,,
1199,"1 small onion, chopped ",0,0,0,159,,,
1200,"1 stalk celery, chopped ",0,0,0,159,,,
1201,"1 medium carrot, chopped ",0,0,0,159,,,
1202,"2 medium potatoes, cubed ",0,0,0,159,,,
1203,"1 medium butternut squash - peeled, seeded, and cubed ",0,0,0,159,,,
1204,1 (32 fluid ounce) container chicken stock ,0,0,0,159,,,
1205, salt and freshly ground black pepper to taste ,0,0,0,159,,,
1206,"¼ cup butter, softened ",0,0,0,160,,,
1207,1 cup freshly grated Parmigiano-Reggiano cheese ,0,0,0,160,,,
1208,8 slices cooked bacon ,0,0,0,160,,,
1209,4 slices Cheddar cheese ,0,0,0,160,,,
1210,8 slices sourdough bread ,0,0,0,160,,,
1211,"1 (16 ounce) package Brussels sprouts, trimmed and halved ",0,0,0,161,,,
1212,2 tablespoons olive oil ,0,0,0,161,,,
1213,1 teaspoon garlic powder ,0,0,0,161,,,
1214,1 teaspoon ground black pepper ,0,0,0,161,,,
1215,½ teaspoon salt ,0,0,0,161,,,
1216,1 tablespoon balsamic vinegar ,0,0,0,161,,,
1217,¼ cup grated Parmesan cheese ,0,0,0,161,,,
1218,"1 pinch red pepper flakes, or to taste ",0,0,0,161,,,
1219,1 (15 ounce) can pumpkin ,0,0,0,162,,,
1220,1 (14 ounce) can EAGLE BRAND® Sweetened Condensed Milk ,0,0,0,162,,,
1221,2 large eggs large eggs ,0,0,0,162,,,
1222,1 teaspoon ground cinnamon ,0,0,0,162,,,
1223,½ teaspoon ground ginger ,0,0,0,162,,,
1224,½ teaspoon ground nutmeg ,0,0,0,162,,,
1225,½ teaspoon salt ,0,0,0,162,,,
1226,1 (9 inch) unbaked pie crust ,0,0,0,162,,,
1227,1 tablespoon chili powder ,0,0,0,163,,,
1228,¼ teaspoon garlic powder ,0,0,0,163,,,
1229,¼ teaspoon onion powder ,0,0,0,163,,,
1230,¼ teaspoon crushed red pepper flakes ,0,0,0,163,,,
1231,¼ teaspoon dried oregano ,0,0,0,163,,,
1232,½ teaspoon paprika ,0,0,0,163,,,
1233,1 ½ teaspoons ground cumin ,0,0,0,163,,,
1234,1 teaspoon sea salt ,0,0,0,163,,,
1235,1 teaspoon black pepper ,0,0,0,163,,,
1236,1 pound ground beef ,0,0,0,164,,,
1237,1 egg ,0,0,0,164,,,
1238,¼ cup bread crumbs ,0,0,0,164,,,
1239,⅛ teaspoon ground black pepper ,0,0,0,164,,,
1240,½ teaspoon seasoned salt ,0,0,0,164,,,
1241,½ teaspoon onion powder ,0,0,0,164,,,
1242,½ teaspoon garlic powder ,0,0,0,164,,,
1243,1 teaspoon Worcestershire sauce ,0,0,0,164,,,
1244,1 tablespoon vegetable oil ,0,0,0,164,,,
1245,1 cup thinly sliced onion ,0,0,0,164,,,
1246,2 tablespoons all-purpose flour ,0,0,0,164,,,
1247,1 cup beef broth ,0,0,0,164,,,
1248,1 tablespoon cooking sherry ,0,0,0,164,,,
1249,½ teaspoon seasoned salt ,0,0,0,164,,,
1250,2 cups all-purpose flour ,0,0,0,165,,,
1251,1 teaspoon baking soda ,0,0,0,165,,,
1252,¼ teaspoon salt ,0,0,0,165,,,
1253,½ cup butter ,0,0,0,165,,,
1254,¾ cup brown sugar ,0,0,0,165,,,
1255,"2 eggs, beaten ",0,0,0,165,,,
1256,2 ⅓ cups mashed overripe bananas ,0,0,0,165,,,
1257,2 ¾ cups all-purpose flour ,0,0,0,166,,,
1258,1 teaspoon baking soda ,0,0,0,166,,,
1259,½ teaspoon baking powder ,0,0,0,166,,,
1260,"1 cup butter, softened ",0,0,0,166,,,
1261,1 ½ cups white sugar ,0,0,0,166,,,
1262,1 egg ,0,0,0,166,,,
1263,1 teaspoon vanilla extract ,0,0,0,166,,,
1264,"2 (14.5 ounce) cans green beans, drained ",0,0,0,167,,,
1265,1 (10.75 ounce) can condensed cream of mushroom soup ,0,0,0,167,,,
1266,1 (6 ounce) can French fried onions ,0,0,0,167,,,
1267,1 cup shredded Cheddar cheese ,0,0,0,167,,,
1268,"3 avocados - peeled, pitted, and mashed ",0,0,0,168,,,
1269,"1 lime, juiced ",0,0,0,168,,,
1270,1 teaspoon salt ,0,0,0,168,,,
1271,½ cup diced onion ,0,0,0,168,,,
1272,3 tablespoons chopped fresh cilantro ,0,0,0,168,,,
1273,"2 roma (plum) tomatoes, diced ",0,0,0,168,,,
1274,1 teaspoon minced garlic ,0,0,0,168,,,
1275,1 pinch ground cayenne pepper (Optional),0,0,0,168,,,
1276,½ cup mayonnaise ,0,0,0,169,,,
1277,2 tablespoons white sugar ,0,0,0,169,,,
1278,1 ½ tablespoons lemon juice ,0,0,0,169,,,
1279,1 tablespoon vinegar ,0,0,0,169,,,
1280,½ teaspoon ground black pepper ,0,0,0,169,,,
1281,¼ teaspoon salt ,0,0,0,169,,,
1282,"1 butternut squash - peeled, seeded, and cut into 1-inch cubes ",0,0,0,170,,,
1283,2 tablespoons olive oil ,0,0,0,170,,,
1284,"2 cloves garlic, minced ",0,0,0,170,,,
1285, salt and ground black pepper to taste ,0,0,0,170,,,
1286,"1 (3 pound) whole chicken, giblets removed ",0,0,0,171,,,
1287, salt and black pepper to taste ,0,0,0,171,,,
1288,"1 tablespoon onion powder, or to taste ",0,0,0,171,,,
1289,"½ cup margarine, divided ",0,0,0,171,,,
1290,"1 stalk celery, leaves removed ",0,0,0,171,,,
1291,¼ cup butter ,0,0,0,172,,,
1292,"1 large onion, diced ",0,0,0,172,,,
1293,"½ large green bell pepper, diced ",0,0,0,172,,,
1294,1 (4 ounce) jar chopped pimento peppers ,0,0,0,172,,,
1295,2 eggs ,0,0,0,172,,,
1296,1 (8 ounce) package corn muffin mix (such as Jiffy®) ,0,0,0,172,,,
1297,1 (4 ounce) can diced green chiles ,0,0,0,172,,,
1298,"1 (15.25 ounce) can whole kernel corn, with liquid ",0,0,0,172,,,
1299,1 (15.25 ounce) can creamed corn ,0,0,0,172,,,
1300,1 pint sour cream ,0,0,0,172,,,
1301,1 cup shredded Cheddar cheese ,0,0,0,172,,,
1302,8 ounces uncooked elbow macaroni ,0,0,0,173,,,
1303,2 cups shredded sharp Cheddar cheese ,0,0,0,173,,,
1304,½ cup grated Parmesan cheese ,0,0,0,173,,,
1305,3 cups milk ,0,0,0,173,,,
1306,¼ cup butter ,0,0,0,173,,,
1307,2 ½ tablespoons all-purpose flour ,0,0,0,173,,,
1308,2 tablespoons butter ,0,0,0,173,,,
1309,½ cup bread crumbs ,0,0,0,173,,,
1310,1 pinch paprika ,0,0,0,173,,,
1311,1 (16 ounce) can refrigerated jumbo buttermilk biscuits ,0,0,0,174,,,
1312,1 (9.6 ounce) package Jimmy Dean® Original Hearty Pork Sausage Crumbles ,0,0,0,174,,,
1313,¼ cup flour ,0,0,0,174,,,
1314,2 ½ cups milk ,0,0,0,174,,,
1315, Salt and ground black pepper to taste ,0,0,0,174,,,
1316,"4 (5 ounce) skinless, boneless chicken breast halves ",0,0,0,175,,,
1317,1 cup teriyaki marinade sauce ,0,0,0,175,,,
1318,½ pound bacon ,0,0,0,175,,,
1319,2 tablespoons butter ,0,0,0,175,,,
1320,"1 small onion, cut into long slices ",0,0,0,175,,,
1321,"1 small green bell pepper, cut into thin strips ",0,0,0,175,,,
1322,"1 (8 ounce) package fresh mushrooms, coarsely chopped ",0,0,0,175,,,
1323,4 slices mozzarella cheese ,0,0,0,175,,,
1324,1 recipe pastry for a 9 inch double crust pie ,0,0,0,176,,,
1325,½ cup unsalted butter ,0,0,0,176,,,
1326,3 tablespoons all-purpose flour ,0,0,0,176,,,
1327,¼ cup water ,0,0,0,176,,,
1328,½ cup white sugar ,0,0,0,176,,,
1329,½ cup packed brown sugar ,0,0,0,176,,,
1330,"8 Granny Smith apples - peeled, cored and sliced ",0,0,0,176,,,
1331,1 cup all-purpose flour ,0,0,0,177,,,
1332,2 eggs ,0,0,0,177,,,
1333,½ cup milk ,0,0,0,177,,,
1334,½ cup water ,0,0,0,177,,,
1335,¼ teaspoon salt ,0,0,0,177,,,
1336,"2 tablespoons butter, melted ",0,0,0,177,,,
1337,1 teaspoon vegetable oil ,0,0,0,178,,,
1338,1 (4 pound) pork shoulder roast ,0,0,0,178,,,
1339,1 cup barbeque sauce ,0,0,0,178,,,
1340,½ cup apple cider vinegar ,0,0,0,178,,,
1341,½ cup chicken broth ,0,0,0,178,,,
1342,¼ cup light brown sugar ,0,0,0,178,,,
1343,1 tablespoon prepared yellow mustard ,0,0,0,178,,,
1344,1 tablespoon Worcestershire sauce ,0,0,0,178,,,
1345,1 tablespoon chili powder ,0,0,0,178,,,
1346,"1 extra large onion, chopped ",0,0,0,178,,,
1347,"2 large cloves garlic, crushed ",0,0,0,178,,,
1348,1 ½ teaspoons dried thyme ,0,0,0,178,,,
1349,"8 hamburger buns, split ",0,0,0,178,,,
1350,"2 tablespoons butter, or as needed ",0,0,0,178,,,
1351,"2 pounds baking potatoes, peeled and quartered ",0,0,0,179,,,
1352,2 tablespoons butter ,0,0,0,179,,,
1353,1 cup milk ,0,0,0,179,,,
1354, salt and pepper to taste ,0,0,0,179,,,
1355,"1 tablespoon butter, melted ",0,0,0,180,,,
1356,"12 eggs, beaten ",0,0,0,180,,,
1357,1 pound shredded pepperjack cheese ,0,0,0,180,,,
1358,1 (16 ounce) container cottage cheese ,0,0,0,180,,,
1359,½ cup all-purpose flour ,0,0,0,180,,,
1360,1 teaspoon salt ,0,0,0,180,,,
1361,"4 cups sweet potato, cubed ",0,0,0,181,,,
1362,½ cup white sugar ,0,0,0,181,,,
1363,"2 eggs, beaten ",0,0,0,181,,,
1364,½ teaspoon salt ,0,0,0,181,,,
1365,"4 tablespoons butter, softened ",0,0,0,181,,,
1366,½ cup milk ,0,0,0,181,,,
1367,½ teaspoon vanilla extract ,0,0,0,181,,,
1368,½ cup packed brown sugar ,0,0,0,181,,,
1369,⅓ cup all-purpose flour ,0,0,0,181,,,
1370,"3 tablespoons butter, softened ",0,0,0,181,,,
1371,½ cup chopped pecans ,0,0,0,181,,,
1372,2 tablespoons butter ,0,0,0,182,,,
1373,"1 small onion, chopped ",0,0,0,182,,,
1374,"1 stalk celery, chopped ",0,0,0,182,,,
1375,"1 medium carrot, chopped ",0,0,0,182,,,
1376,"2 medium potatoes, cubed ",0,0,0,182,,,
1377,"1 medium butternut squash - peeled, seeded, and cubed ",0,0,0,182,,,
1378,1 (32 fluid ounce) container chicken stock ,0,0,0,182,,,
1379, salt and freshly ground black pepper to taste ,0,0,0,182,,,
1380,"¼ cup butter, softened ",0,0,0,183,,,
1381,1 cup freshly grated Parmigiano-Reggiano cheese ,0,0,0,183,,,
1382,8 slices cooked bacon ,0,0,0,183,,,
1383,4 slices Cheddar cheese ,0,0,0,183,,,
1384,8 slices sourdough bread ,0,0,0,183,,,
1385,"1 (16 ounce) package Brussels sprouts, trimmed and halved ",0,0,0,184,,,
1386,2 tablespoons olive oil ,0,0,0,184,,,
1387,1 teaspoon garlic powder ,0,0,0,184,,,
1388,1 teaspoon ground black pepper ,0,0,0,184,,,
1389,½ teaspoon salt ,0,0,0,184,,,
1390,1 tablespoon balsamic vinegar ,0,0,0,184,,,
1391,¼ cup grated Parmesan cheese ,0,0,0,184,,,
1392,"1 pinch red pepper flakes, or to taste ",0,0,0,184,,,
1393,1 (15 ounce) can pumpkin ,0,0,0,185,,,
1394,1 (14 ounce) can EAGLE BRAND® Sweetened Condensed Milk ,0,0,0,185,,,
1395,2 large eggs large eggs ,0,0,0,185,,,
1396,1 teaspoon ground cinnamon ,0,0,0,185,,,
1397,½ teaspoon ground ginger ,0,0,0,185,,,
1398,½ teaspoon ground nutmeg ,0,0,0,185,,,
1399,½ teaspoon salt ,0,0,0,185,,,
1400,1 (9 inch) unbaked pie crust ,0,0,0,185,,,
1401,1 tablespoon chili powder ,0,0,0,186,,,
1402,¼ teaspoon garlic powder ,0,0,0,186,,,
1403,¼ teaspoon onion powder ,0,0,0,186,,,
1404,¼ teaspoon crushed red pepper flakes ,0,0,0,186,,,
1405,¼ teaspoon dried oregano ,0,0,0,186,,,
1406,½ teaspoon paprika ,0,0,0,186,,,
1407,1 ½ teaspoons ground cumin ,0,0,0,186,,,
1408,1 teaspoon sea salt ,0,0,0,186,,,
1409,1 teaspoon black pepper ,0,0,0,186,,,
1410,1 pound ground beef ,0,0,0,187,,,
1411,1 egg ,0,0,0,187,,,
1412,¼ cup bread crumbs ,0,0,0,187,,,
1413,⅛ teaspoon ground black pepper ,0,0,0,187,,,
1414,½ teaspoon seasoned salt ,0,0,0,187,,,
1415,½ teaspoon onion powder ,0,0,0,187,,,
1416,½ teaspoon garlic powder ,0,0,0,187,,,
1417,1 teaspoon Worcestershire sauce ,0,0,0,187,,,
1418,1 tablespoon vegetable oil ,0,0,0,187,,,
1419,1 cup thinly sliced onion ,0,0,0,187,,,
1420,2 tablespoons all-purpose flour ,0,0,0,187,,,
1421,1 cup beef broth ,0,0,0,187,,,
1422,1 tablespoon cooking sherry ,0,0,0,187,,,
1423,½ teaspoon seasoned salt ,0,0,0,187,,,
1424,2 cups all-purpose flour ,0,0,0,188,,,
1425,1 teaspoon baking soda ,0,0,0,188,,,
1426,¼ teaspoon salt ,0,0,0,188,,,
1427,½ cup butter ,0,0,0,188,,,
1428,¾ cup brown sugar ,0,0,0,188,,,
1429,"2 eggs, beaten ",0,0,0,188,,,
1430,2 ⅓ cups mashed overripe bananas ,0,0,0,188,,,
1431,2 ¾ cups all-purpose flour ,0,0,0,189,,,
1432,1 teaspoon baking soda ,0,0,0,189,,,
1433,½ teaspoon baking powder ,0,0,0,189,,,
1434,"1 cup butter, softened ",0,0,0,189,,,
1435,1 ½ cups white sugar ,0,0,0,189,,,
1436,1 egg ,0,0,0,189,,,
1437,1 teaspoon vanilla extract ,0,0,0,189,,,
1438,"2 (14.5 ounce) cans green beans, drained ",0,0,0,190,,,
1439,1 (10.75 ounce) can condensed cream of mushroom soup ,0,0,0,190,,,
1440,1 (6 ounce) can French fried onions ,0,0,0,190,,,
1441,1 cup shredded Cheddar cheese ,0,0,0,190,,,
1442,"3 avocados - peeled, pitted, and mashed ",0,0,0,191,,,
1443,"1 lime, juiced ",0,0,0,191,,,
1444,1 teaspoon salt ,0,0,0,191,,,
1445,½ cup diced onion ,0,0,0,191,,,
1446,3 tablespoons chopped fresh cilantro ,0,0,0,191,,,
1447,"2 roma (plum) tomatoes, diced ",0,0,0,191,,,
1448,1 teaspoon minced garlic ,0,0,0,191,,,
1449,1 pinch ground cayenne pepper (Optional),0,0,0,191,,,
1450,½ cup mayonnaise ,0,0,0,192,,,
1451,2 tablespoons white sugar ,0,0,0,192,,,
1452,1 ½ tablespoons lemon juice ,0,0,0,192,,,
1453,1 tablespoon vinegar ,0,0,0,192,,,
1454,½ teaspoon ground black pepper ,0,0,0,192,,,
1455,¼ teaspoon salt ,0,0,0,192,,,
1456,"1 butternut squash - peeled, seeded, and cut into 1-inch cubes ",0,0,0,193,,,
1457,2 tablespoons olive oil ,0,0,0,193,,,
1458,"2 cloves garlic, minced ",0,0,0,193,,,
1459, salt and ground black pepper to taste ,0,0,0,193,,,
1460,"1 (3 pound) whole chicken, giblets removed ",0,0,0,194,,,
1461, salt and black pepper to taste ,0,0,0,194,,,
1462,"1 tablespoon onion powder, or to taste ",0,0,0,194,,,
1463,"½ cup margarine, divided ",0,0,0,194,,,
1464,"1 stalk celery, leaves removed ",0,0,0,194,,,
1465,¼ cup butter ,0,0,0,195,,,
1466,"1 large onion, diced ",0,0,0,195,,,
1467,"½ large green bell pepper, diced ",0,0,0,195,,,
1468,1 (4 ounce) jar chopped pimento peppers ,0,0,0,195,,,
1469,2 eggs ,0,0,0,195,,,
1470,1 (8 ounce) package corn muffin mix (such as Jiffy®) ,0,0,0,195,,,
1471,1 (4 ounce) can diced green chiles ,0,0,0,195,,,
1472,"1 (15.25 ounce) can whole kernel corn, with liquid ",0,0,0,195,,,
1473,1 (15.25 ounce) can creamed corn ,0,0,0,195,,,
1474,1 pint sour cream ,0,0,0,195,,,
1475,1 cup shredded Cheddar cheese ,0,0,0,195,,,
1476,8 ounces uncooked elbow macaroni ,0,0,0,196,,,
1477,2 cups shredded sharp Cheddar cheese ,0,0,0,196,,,
1478,½ cup grated Parmesan cheese ,0,0,0,196,,,
1479,3 cups milk ,0,0,0,196,,,
1480,¼ cup butter ,0,0,0,196,,,
1481,2 ½ tablespoons all-purpose flour ,0,0,0,196,,,
1482,2 tablespoons butter ,0,0,0,196,,,
1483,½ cup bread crumbs ,0,0,0,196,,,
1484,1 pinch paprika ,0,0,0,196,,,
1485,1 (16 ounce) can refrigerated jumbo buttermilk biscuits ,0,0,0,197,,,
1486,1 (9.6 ounce) package Jimmy Dean® Original Hearty Pork Sausage Crumbles ,0,0,0,197,,,
1487,¼ cup flour ,0,0,0,197,,,
1488,2 ½ cups milk ,0,0,0,197,,,
1489, Salt and ground black pepper to taste ,0,0,0,197,,,
1490,"4 (5 ounce) skinless, boneless chicken breast halves ",0,0,0,198,,,
1491,1 cup teriyaki marinade sauce ,0,0,0,198,,,
1492,½ pound bacon ,0,0,0,198,,,
1493,2 tablespoons butter ,0,0,0,198,,,
1494,"1 small onion, cut into long slices ",0,0,0,198,,,
1495,"1 small green bell pepper, cut into thin strips ",0,0,0,198,,,
1496,"1 (8 ounce) package fresh mushrooms, coarsely chopped ",0,0,0,198,,,
1497,4 slices mozzarella cheese ,0,0,0,198,,,
1498,1 recipe pastry for a 9 inch double crust pie ,0,0,0,199,,,
1499,½ cup unsalted butter ,0,0,0,199,,,
1500,3 tablespoons all-purpose flour ,0,0,0,199,,,
1501,¼ cup water ,0,0,0,199,,,
1502,½ cup white sugar ,0,0,0,199,,,
1503,½ cup packed brown sugar ,0,0,0,199,,,
1504,"8 Granny Smith apples - peeled, cored and sliced ",0,0,0,199,,,
1505,1 cup all-purpose flour ,0,0,0,200,,,
1506,2 eggs ,0,0,0,200,,,
1507,½ cup milk ,0,0,0,200,,,
1508,½ cup water ,0,0,0,200,,,
1509,¼ teaspoon salt ,0,0,0,200,,,
1510,"2 tablespoons butter, melted ",0,0,0,200,,,
1511,1 teaspoon vegetable oil ,0,0,0,201,,,
1512,1 (4 pound) pork shoulder roast ,0,0,0,201,,,
1513,1 cup barbeque sauce ,0,0,0,201,,,
1514,½ cup apple cider vinegar ,0,0,0,201,,,
1515,½ cup chicken broth ,0,0,0,201,,,
1516,¼ cup light brown sugar ,0,0,0,201,,,
1517,1 tablespoon prepared yellow mustard ,0,0,0,201,,,
1518,1 tablespoon Worcestershire sauce ,0,0,0,201,,,
1519,1 tablespoon chili powder ,0,0,0,201,,,
1520,"1 extra large onion, chopped ",0,0,0,201,,,
1521,"2 large cloves garlic, crushed ",0,0,0,201,,,
1522,1 ½ teaspoons dried thyme ,0,0,0,201,,,
1523,"8 hamburger buns, split ",0,0,0,201,,,
1524,"2 tablespoons butter, or as needed ",0,0,0,201,,,
1525,"2 pounds baking potatoes, peeled and quartered ",0,0,0,202,,,
1526,2 tablespoons butter ,0,0,0,202,,,
1527,1 cup milk ,0,0,0,202,,,
1528, salt and pepper to taste ,0,0,0,202,,,
1529,"1 tablespoon butter, melted ",0,0,0,203,,,
1530,"12 eggs, beaten ",0,0,0,203,,,
1531,1 pound shredded pepperjack cheese ,0,0,0,203,,,
1532,1 (16 ounce) container cottage cheese ,0,0,0,203,,,
1533,½ cup all-purpose flour ,0,0,0,203,,,
1534,1 teaspoon salt ,0,0,0,203,,,
1535,"4 cups sweet potato, cubed ",0,0,0,204,,,
1536,½ cup white sugar ,0,0,0,204,,,
1537,"2 eggs, beaten ",0,0,0,204,,,
1538,½ teaspoon salt ,0,0,0,204,,,
1539,"4 tablespoons butter, softened ",0,0,0,204,,,
1540,½ cup milk ,0,0,0,204,,,
1541,½ teaspoon vanilla extract ,0,0,0,204,,,
1542,½ cup packed brown sugar ,0,0,0,204,,,
1543,⅓ cup all-purpose flour ,0,0,0,204,,,
1544,"3 tablespoons butter, softened ",0,0,0,204,,,
1545,½ cup chopped pecans ,0,0,0,204,,,
1546,2 tablespoons butter ,0,0,0,205,,,
1547,"1 small onion, chopped ",0,0,0,205,,,
1548,"1 stalk celery, chopped ",0,0,0,205,,,
1549,"1 medium carrot, chopped ",0,0,0,205,,,
1550,"2 medium potatoes, cubed ",0,0,0,205,,,
1551,"1 medium butternut squash - peeled, seeded, and cubed ",0,0,0,205,,,
1552,1 (32 fluid ounce) container chicken stock ,0,0,0,205,,,
1553, salt and freshly ground black pepper to taste ,0,0,0,205,,,
1554,"¼ cup butter, softened ",0,0,0,206,,,
1555,1 cup freshly grated Parmigiano-Reggiano cheese ,0,0,0,206,,,
1556,8 slices cooked bacon ,0,0,0,206,,,
1557,4 slices Cheddar cheese ,0,0,0,206,,,
1558,8 slices sourdough bread ,0,0,0,206,,,
1559,"1 (16 ounce) package Brussels sprouts, trimmed and halved ",0,0,0,207,,,
1560,2 tablespoons olive oil ,0,0,0,207,,,
1561,1 teaspoon garlic powder ,0,0,0,207,,,
1562,1 teaspoon ground black pepper ,0,0,0,207,,,
1563,½ teaspoon salt ,0,0,0,207,,,
1564,1 tablespoon balsamic vinegar ,0,0,0,207,,,
1565,¼ cup grated Parmesan cheese ,0,0,0,207,,,
1566,"1 pinch red pepper flakes, or to taste ",0,0,0,207,,,
1567,1 (15 ounce) can pumpkin ,0,0,0,208,,,
1568,1 (14 ounce) can EAGLE BRAND® Sweetened Condensed Milk ,0,0,0,208,,,
1569,2 large eggs large eggs ,0,0,0,208,,,
1570,1 teaspoon ground cinnamon ,0,0,0,208,,,
1571,½ teaspoon ground ginger ,0,0,0,208,,,
1572,½ teaspoon ground nutmeg ,0,0,0,208,,,
1573,½ teaspoon salt ,0,0,0,208,,,
1574,1 (9 inch) unbaked pie crust ,0,0,0,208,,,
1575,1 tablespoon chili powder ,0,0,0,209,,,
1576,¼ teaspoon garlic powder ,0,0,0,209,,,
1577,¼ teaspoon onion powder ,0,0,0,209,,,
1578,¼ teaspoon crushed red pepper flakes ,0,0,0,209,,,
1579,¼ teaspoon dried oregano ,0,0,0,209,,,
1580,½ teaspoon paprika ,0,0,0,209,,,
1581,1 ½ teaspoons ground cumin ,0,0,0,209,,,
1582,1 teaspoon sea salt ,0,0,0,209,,,
1583,1 teaspoon black pepper ,0,0,0,209,,,
1584,1 pound ground beef ,0,0,0,210,,,
1585,1 egg ,0,0,0,210,,,
1586,¼ cup bread crumbs ,0,0,0,210,,,
1587,⅛ teaspoon ground black pepper ,0,0,0,210,,,
1588,½ teaspoon seasoned salt ,0,0,0,210,,,
1589,½ teaspoon onion powder ,0,0,0,210,,,
1590,½ teaspoon garlic powder ,0,0,0,210,,,
1591,1 teaspoon Worcestershire sauce ,0,0,0,210,,,
1592,1 tablespoon vegetable oil ,0,0,0,210,,,
1593,1 cup thinly sliced onion ,0,0,0,210,,,
1594,2 tablespoons all-purpose flour ,0,0,0,210,,,
1595,1 cup beef broth ,0,0,0,210,,,
1596,1 tablespoon cooking sherry ,0,0,0,210,,,
1597,½ teaspoon seasoned salt ,0,0,0,210,,,
1598,2 cups all-purpose flour ,0,0,0,211,,,
1599,1 teaspoon baking soda ,0,0,0,211,,,
1600,¼ teaspoon salt ,0,0,0,211,,,
1601,½ cup butter ,0,0,0,211,,,
1602,¾ cup brown sugar ,0,0,0,211,,,
1603,"2 eggs, beaten ",0,0,0,211,,,
1604,2 ⅓ cups mashed overripe bananas ,0,0,0,211,,,
1605,2 ¾ cups all-purpose flour ,0,0,0,212,,,
1606,1 teaspoon baking soda ,0,0,0,212,,,
1607,½ teaspoon baking powder ,0,0,0,212,,,
1608,"1 cup butter, softened ",0,0,0,212,,,
1609,1 ½ cups white sugar ,0,0,0,212,,,
1610,1 egg ,0,0,0,212,,,
1611,1 teaspoon vanilla extract ,0,0,0,212,,,
1612,"2 (14.5 ounce) cans green beans, drained ",0,0,0,213,,,
1613,1 (10.75 ounce) can condensed cream of mushroom soup ,0,0,0,213,,,
1614,1 (6 ounce) can French fried onions ,0,0,0,213,,,
1615,1 cup shredded Cheddar cheese ,0,0,0,213,,,
1616,"3 avocados - peeled, pitted, and mashed ",0,0,0,214,,,
1617,"1 lime, juiced ",0,0,0,214,,,
1618,1 teaspoon salt ,0,0,0,214,,,
1619,½ cup diced onion ,0,0,0,214,,,
1620,3 tablespoons chopped fresh cilantro ,0,0,0,214,,,
1621,"2 roma (plum) tomatoes, diced ",0,0,0,214,,,
1622,1 teaspoon minced garlic ,0,0,0,214,,,
1623,1 pinch ground cayenne pepper (Optional),0,0,0,214,,,
1624,½ cup mayonnaise ,0,0,0,215,,,
1625,2 tablespoons white sugar ,0,0,0,215,,,
1626,1 ½ tablespoons lemon juice ,0,0,0,215,,,
1627,1 tablespoon vinegar ,0,0,0,215,,,
1628,½ teaspoon ground black pepper ,0,0,0,215,,,
1629,¼ teaspoon salt ,0,0,0,215,,,
1630,"1 butternut squash - peeled, seeded, and cut into 1-inch cubes ",0,0,0,216,,,
1631,2 tablespoons olive oil ,0,0,0,216,,,
1632,"2 cloves garlic, minced ",0,0,0,216,,,
1633, salt and ground black pepper to taste ,0,0,0,216,,,
1634,"1 (3 pound) whole chicken, giblets removed ",0,0,0,217,,,
1635, salt and black pepper to taste ,0,0,0,217,,,
1636,"1 tablespoon onion powder, or to taste ",0,0,0,217,,,
1637,"½ cup margarine, divided ",0,0,0,217,,,
1638,"1 stalk celery, leaves removed ",0,0,0,217,,,
1639,¼ cup butter ,0,0,0,218,,,
1640,"1 large onion, diced ",0,0,0,218,,,
1641,"½ large green bell pepper, diced ",0,0,0,218,,,
1642,1 (4 ounce) jar chopped pimento peppers ,0,0,0,218,,,
1643,2 eggs ,0,0,0,218,,,
1644,1 (8 ounce) package corn muffin mix (such as Jiffy®) ,0,0,0,218,,,
1645,1 (4 ounce) can diced green chiles ,0,0,0,218,,,
1646,"1 (15.25 ounce) can whole kernel corn, with liquid ",0,0,0,218,,,
1647,1 (15.25 ounce) can creamed corn ,0,0,0,218,,,
1648,1 pint sour cream ,0,0,0,218,,,
1649,1 cup shredded Cheddar cheese ,0,0,0,218,,,
1650,8 ounces uncooked elbow macaroni ,0,0,0,219,,,
1651,2 cups shredded sharp Cheddar cheese ,0,0,0,219,,,
1652,½ cup grated Parmesan cheese ,0,0,0,219,,,
1653,3 cups milk ,0,0,0,219,,,
1654,¼ cup butter ,0,0,0,219,,,
1655,2 ½ tablespoons all-purpose flour ,0,0,0,219,,,
1656,2 tablespoons butter ,0,0,0,219,,,
1657,½ cup bread crumbs ,0,0,0,219,,,
1658,1 pinch paprika ,0,0,0,219,,,
1659,1 (16 ounce) can refrigerated jumbo buttermilk biscuits ,0,0,0,220,,,
1660,1 (9.6 ounce) package Jimmy Dean® Original Hearty Pork Sausage Crumbles ,0,0,0,220,,,
1661,¼ cup flour ,0,0,0,220,,,
1662,2 ½ cups milk ,0,0,0,220,,,
1663, Salt and ground black pepper to taste ,0,0,0,220,,,
1664,"4 (5 ounce) skinless, boneless chicken breast halves ",0,0,0,221,,,
1665,1 cup teriyaki marinade sauce ,0,0,0,221,,,
1666,½ pound bacon ,0,0,0,221,,,
1667,2 tablespoons butter ,0,0,0,221,,,
1668,"1 small onion, cut into long slices ",0,0,0,221,,,
1669,"1 small green bell pepper, cut into thin strips ",0,0,0,221,,,
1670,"1 (8 ounce) package fresh mushrooms, coarsely chopped ",0,0,0,221,,,
1671,4 slices mozzarella cheese ,0,0,0,221,,,
1672,1 recipe pastry for a 9 inch double crust pie ,0,0,0,222,,,
1673,½ cup unsalted butter ,0,0,0,222,,,
1674,3 tablespoons all-purpose flour ,0,0,0,222,,,
1675,¼ cup water ,0,0,0,222,,,
1676,½ cup white sugar ,0,0,0,222,,,
1677,½ cup packed brown sugar ,0,0,0,222,,,
1678,"8 Granny Smith apples - peeled, cored and sliced ",0,0,0,222,,,
1679,1 cup all-purpose flour ,0,0,0,223,,,
1680,2 eggs ,0,0,0,223,,,
1681,½ cup milk ,0,0,0,223,,,
1682,½ cup water ,0,0,0,223,,,
1683,¼ teaspoon salt ,0,0,0,223,,,
1684,"2 tablespoons butter, melted ",0,0,0,223,,,
1685,1 teaspoon vegetable oil ,0,0,0,224,,,
1686,1 (4 pound) pork shoulder roast ,0,0,0,224,,,
1687,1 cup barbeque sauce ,0,0,0,224,,,
1688,½ cup apple cider vinegar ,0,0,0,224,,,
1689,½ cup chicken broth ,0,0,0,224,,,
1690,¼ cup light brown sugar ,0,0,0,224,,,
1691,1 tablespoon prepared yellow mustard ,0,0,0,224,,,
1692,1 tablespoon Worcestershire sauce ,0,0,0,224,,,
1693,1 tablespoon chili powder ,0,0,0,224,,,
1694,"1 extra large onion, chopped ",0,0,0,224,,,
1695,"2 large cloves garlic, crushed ",0,0,0,224,,,
1696,1 ½ teaspoons dried thyme ,0,0,0,224,,,
1697,"8 hamburger buns, split ",0,0,0,224,,,
1698,"2 tablespoons butter, or as needed ",0,0,0,224,,,
1699,"2 pounds baking potatoes, peeled and quartered ",0,0,0,225,,,
1700,2 tablespoons butter ,0,0,0,225,,,
1701,1 cup milk ,0,0,0,225,,,
1702, salt and pepper to taste ,0,0,0,225,,,
1703,"1 tablespoon butter, melted ",0,0,0,226,,,
1704,"12 eggs, beaten ",0,0,0,226,,,
1705,1 pound shredded pepperjack cheese ,0,0,0,226,,,
1706,1 (16 ounce) container cottage cheese ,0,0,0,226,,,
1707,½ cup all-purpose flour ,0,0,0,226,,,
1708,1 teaspoon salt ,0,0,0,226,,,
1709,"4 cups sweet potato, cubed ",0,0,0,227,,,
1710,½ cup white sugar ,0,0,0,227,,,
1711,"2 eggs, beaten ",0,0,0,227,,,
1712,½ teaspoon salt ,0,0,0,227,,,
1713,"4 tablespoons butter, softened ",0,0,0,227,,,
1714,½ cup milk ,0,0,0,227,,,
1715,½ teaspoon vanilla extract ,0,0,0,227,,,
1716,½ cup packed brown sugar ,0,0,0,227,,,
1717,⅓ cup all-purpose flour ,0,0,0,227,,,
1718,"3 tablespoons butter, softened ",0,0,0,227,,,
1719,½ cup chopped pecans ,0,0,0,227,,,
1720,2 tablespoons butter ,0,0,0,228,,,
1721,"1 small onion, chopped ",0,0,0,228,,,
1722,"1 stalk celery, chopped ",0,0,0,228,,,
1723,"1 medium carrot, chopped ",0,0,0,228,,,
1724,"2 medium potatoes, cubed ",0,0,0,228,,,
1725,"1 medium butternut squash - peeled, seeded, and cubed ",0,0,0,228,,,
1726,1 (32 fluid ounce) container chicken stock ,0,0,0,228,,,
1727, salt and freshly ground black pepper to taste ,0,0,0,228,,,
1728,"¼ cup butter, softened ",0,0,0,229,,,
1729,1 cup freshly grated Parmigiano-Reggiano cheese ,0,0,0,229,,,
1730,8 slices cooked bacon ,0,0,0,229,,,
1731,4 slices Cheddar cheese ,0,0,0,229,,,
1732,8 slices sourdough bread ,0,0,0,229,,,
1733,"1 (16 ounce) package Brussels sprouts, trimmed and halved ",0,0,0,230,,,
1734,2 tablespoons olive oil ,0,0,0,230,,,
1735,1 teaspoon garlic powder ,0,0,0,230,,,
1736,1 teaspoon ground black pepper ,0,0,0,230,,,
1737,½ teaspoon salt ,0,0,0,230,,,
1738,1 tablespoon balsamic vinegar ,0,0,0,230,,,
1739,¼ cup grated Parmesan cheese ,0,0,0,230,,,
1740,"1 pinch red pepper flakes, or to taste ",0,0,0,230,,,
1741,1 (15 ounce) can pumpkin ,0,0,0,231,,,
1742,1 (14 ounce) can EAGLE BRAND® Sweetened Condensed Milk ,0,0,0,231,,,
1743,2 large eggs large eggs ,0,0,0,231,,,
1744,1 teaspoon ground cinnamon ,0,0,0,231,,,
1745,½ teaspoon ground ginger ,0,0,0,231,,,
1746,½ teaspoon ground nutmeg ,0,0,0,231,,,
1747,½ teaspoon salt ,0,0,0,231,,,
1748,1 (9 inch) unbaked pie crust ,0,0,0,231,,,
1749,1 tablespoon chili powder ,0,0,0,232,,,
1750,¼ teaspoon garlic powder ,0,0,0,232,,,
1751,¼ teaspoon onion powder ,0,0,0,232,,,
1752,¼ teaspoon crushed red pepper flakes ,0,0,0,232,,,
1753,¼ teaspoon dried oregano ,0,0,0,232,,,
1754,½ teaspoon paprika ,0,0,0,232,,,
1755,1 ½ teaspoons ground cumin ,0,0,0,232,,,
1756,1 teaspoon sea salt ,0,0,0,232,,,
1757,1 teaspoon black pepper ,0,0,0,232,,,
1758,1 pound ground beef ,0,0,0,233,,,
1759,1 egg ,0,0,0,233,,,
1760,¼ cup bread crumbs ,0,0,0,233,,,
1761,⅛ teaspoon ground black pepper ,0,0,0,233,,,
1762,½ teaspoon seasoned salt ,0,0,0,233,,,
1763,½ teaspoon onion powder ,0,0,0,233,,,
1764,½ teaspoon garlic powder ,0,0,0,233,,,
1765,1 teaspoon Worcestershire sauce ,0,0,0,233,,,
1766,1 tablespoon vegetable oil ,0,0,0,233,,,
1767,1 cup thinly sliced onion ,0,0,0,233,,,
1768,2 tablespoons all-purpose flour ,0,0,0,233,,,
1769,1 cup beef broth ,0,0,0,233,,,
1770,1 tablespoon cooking sherry ,0,0,0,233,,,
1771,½ teaspoon seasoned salt ,0,0,0,233,,,
1772,2 cups all-purpose flour ,0,0,0,234,,,
1773,1 teaspoon baking soda ,0,0,0,234,,,
1774,¼ teaspoon salt ,0,0,0,234,,,
1775,½ cup butter ,0,0,0,234,,,
1776,¾ cup brown sugar ,0,0,0,234,,,
1777,"2 eggs, beaten ",0,0,0,234,,,
1778,2 ⅓ cups mashed overripe bananas ,0,0,0,234,,,
1779,2 ¾ cups all-purpose flour ,0,0,0,235,,,
1780,1 teaspoon baking soda ,0,0,0,235,,,
1781,½ teaspoon baking powder ,0,0,0,235,,,
1782,"1 cup butter, softened ",0,0,0,235,,,
1783,1 ½ cups white sugar ,0,0,0,235,,,
1784,1 egg ,0,0,0,235,,,
1785,1 teaspoon vanilla extract ,0,0,0,235,,,
1786,"2 (14.5 ounce) cans green beans, drained ",0,0,0,236,,,
1787,1 (10.75 ounce) can condensed cream of mushroom soup ,0,0,0,236,,,
1788,1 (6 ounce) can French fried onions ,0,0,0,236,,,
1789,1 cup shredded Cheddar cheese ,0,0,0,236,,,
1790,"3 avocados - peeled, pitted, and mashed ",0,0,0,237,,,
1791,"1 lime, juiced ",0,0,0,237,,,
1792,1 teaspoon salt ,0,0,0,237,,,
1793,½ cup diced onion ,0,0,0,237,,,
1794,3 tablespoons chopped fresh cilantro ,0,0,0,237,,,
1795,"2 roma (plum) tomatoes, diced ",0,0,0,237,,,
1796,1 teaspoon minced garlic ,0,0,0,237,,,
1797,1 pinch ground cayenne pepper (Optional),0,0,0,237,,,
1798,½ cup mayonnaise ,0,0,0,238,,,
1799,2 tablespoons white sugar ,0,0,0,238,,,
1800,1 ½ tablespoons lemon juice ,0,0,0,238,,,
1801,1 tablespoon vinegar ,0,0,0,238,,,
1802,½ teaspoon ground black pepper ,0,0,0,238,,,
1803,¼ teaspoon salt ,0,0,0,238,,,
1804,"1 butternut squash - peeled, seeded, and cut into 1-inch cubes ",0,0,0,239,,,
1805,2 tablespoons olive oil ,0,0,0,239,,,
1806,"2 cloves garlic, minced ",0,0,0,239,,,
1807, salt and ground black pepper to taste ,0,0,0,239,,,
1808,"1 (3 pound) whole chicken, giblets removed ",0,0,0,240,,,
1809, salt and black pepper to taste ,0,0,0,240,,,
1810,"1 tablespoon onion powder, or to taste ",0,0,0,240,,,
1811,"½ cup margarine, divided ",0,0,0,240,,,
1812,"1 stalk celery, leaves removed ",0,0,0,240,,,
1813,¼ cup butter ,0,0,0,241,,,
1814,"1 large onion, diced ",0,0,0,241,,,
1815,"½ large green bell pepper, diced ",0,0,0,241,,,
1816,1 (4 ounce) jar chopped pimento peppers ,0,0,0,241,,,
1817,2 eggs ,0,0,0,241,,,
1818,1 (8 ounce) package corn muffin mix (such as Jiffy®) ,0,0,0,241,,,
1819,1 (4 ounce) can diced green chiles ,0,0,0,241,,,
1820,"1 (15.25 ounce) can whole kernel corn, with liquid ",0,0,0,241,,,
1821,1 (15.25 ounce) can creamed corn ,0,0,0,241,,,
1822,1 pint sour cream ,0,0,0,241,,,
1823,1 cup shredded Cheddar cheese ,0,0,0,241,,,
1824,8 ounces uncooked elbow macaroni ,0,0,0,242,,,
1825,2 cups shredded sharp Cheddar cheese ,0,0,0,242,,,
1826,½ cup grated Parmesan cheese ,0,0,0,242,,,
1827,3 cups milk ,0,0,0,242,,,
1828,¼ cup butter ,0,0,0,242,,,
1829,2 ½ tablespoons all-purpose flour ,0,0,0,242,,,
1830,2 tablespoons butter ,0,0,0,242,,,
1831,½ cup bread crumbs ,0,0,0,242,,,
1832,1 pinch paprika ,0,0,0,242,,,
1833,1 (16 ounce) can refrigerated jumbo buttermilk biscuits ,0,0,0,243,,,
1834,1 (9.6 ounce) package Jimmy Dean® Original Hearty Pork Sausage Crumbles ,0,0,0,243,,,
1835,¼ cup flour ,0,0,0,243,,,
1836,2 ½ cups milk ,0,0,0,243,,,
1837, Salt and ground black pepper to taste ,0,0,0,243,,,
1838,"4 (5 ounce) skinless, boneless chicken breast halves ",0,0,0,244,,,
1839,1 cup teriyaki marinade sauce ,0,0,0,244,,,
1840,½ pound bacon ,0,0,0,244,,,
1841,2 tablespoons butter ,0,0,0,244,,,
1842,"1 small onion, cut into long slices ",0,0,0,244,,,
1843,"1 small green bell pepper, cut into thin strips ",0,0,0,244,,,
1844,"1 (8 ounce) package fresh mushrooms, coarsely chopped ",0,0,0,244,,,
1845,4 slices mozzarella cheese ,0,0,0,244,,,
1846,1 recipe pastry for a 9 inch double crust pie ,0,0,0,245,,,
1847,½ cup unsalted butter ,0,0,0,245,,,
1848,3 tablespoons all-purpose flour ,0,0,0,245,,,
1849,¼ cup water ,0,0,0,245,,,
1850,½ cup white sugar ,0,0,0,245,,,
1851,½ cup packed brown sugar ,0,0,0,245,,,
1852,"8 Granny Smith apples - peeled, cored and sliced ",0,0,0,245,,,
1853,1 cup all-purpose flour ,0,0,0,246,,,
1854,2 eggs ,0,0,0,246,,,
1855,½ cup milk ,0,0,0,246,,,
1856,½ cup water ,0,0,0,246,,,
1857,¼ teaspoon salt ,0,0,0,246,,,
1858,"2 tablespoons butter, melted ",0,0,0,246,,,
1859,1 teaspoon vegetable oil ,0,0,0,247,,,
1860,1 (4 pound) pork shoulder roast ,0,0,0,247,,,
1861,1 cup barbeque sauce ,0,0,0,247,,,
1862,½ cup apple cider vinegar ,0,0,0,247,,,
1863,½ cup chicken broth ,0,0,0,247,,,
1864,¼ cup light brown sugar ,0,0,0,247,,,
1865,1 tablespoon prepared yellow mustard ,0,0,0,247,,,
1866,1 tablespoon Worcestershire sauce ,0,0,0,247,,,
1867,1 tablespoon chili powder ,0,0,0,247,,,
1868,"1 extra large onion, chopped ",0,0,0,247,,,
1869,"2 large cloves garlic, crushed ",0,0,0,247,,,
1870,1 ½ teaspoons dried thyme ,0,0,0,247,,,
1871,"8 hamburger buns, split ",0,0,0,247,,,
1872,"2 tablespoons butter, or as needed ",0,0,0,247,,,
1873,"2 pounds baking potatoes, peeled and quartered ",0,0,0,248,,,
1874,2 tablespoons butter ,0,0,0,248,,,
1875,1 cup milk ,0,0,0,248,,,
1876, salt and pepper to taste ,0,0,0,248,,,
1877,"1 tablespoon butter, melted ",0,0,0,249,,,
1878,"12 eggs, beaten ",0,0,0,249,,,
1879,1 pound shredded pepperjack cheese ,0,0,0,249,,,
1880,1 (16 ounce) container cottage cheese ,0,0,0,249,,,
1881,½ cup all-purpose flour ,0,0,0,249,,,
1882,1 teaspoon salt ,0,0,0,249,,,
1883,"4 cups sweet potato, cubed ",0,0,0,250,,,
1884,½ cup white sugar ,0,0,0,250,,,
1885,"2 eggs, beaten ",0,0,0,250,,,
1886,½ teaspoon salt ,0,0,0,250,,,
1887,"4 tablespoons butter, softened ",0,0,0,250,,,
1888,½ cup milk ,0,0,0,250,,,
1889,½ teaspoon vanilla extract ,0,0,0,250,,,
1890,½ cup packed brown sugar ,0,0,0,250,,,
1891,⅓ cup all-purpose flour ,0,0,0,250,,,
1892,"3 tablespoons butter, softened ",0,0,0,250,,,
1893,½ cup chopped pecans ,0,0,0,250,,,
